Facility,Date,Day,Access, Lunch Ordered Previous Day , Additional Order Lunch ," Total Order
(F+G) ", Lunch Actual , Occasion Lunch , Snacks Ordered Previous day , Additional order Snacks , Snacks Actual , Occasion Snacks 
ArPg,01-Apr-24,Monday,1131,1050,0,1050,1067,0,780,0,759,0
ArPg,02-Apr-24,Tuesday,1313,1250,0,1250,1238,0,900,0,848,0
ArPg,03-Apr-24,Wednesday,1440,1350,0,1350,1368,0,700,0,747,0
ArPg,04-Apr-24,Thursday,1313,1220,0,1220,1206,0,800,0,868,0
ArPg,05-Apr-24,Friday,1136,1000,0,1000,1063,0,830,0,808,0
ArPg,06-Apr-24,Saturday,0,120,0,120,155,0,0,0,0,0
ArPg,07-Apr-24,Sunday,0,0,0,0,0,0,0,0,0,0
ArPg,08-Apr-24,Monday,1299,1100,0,1100,1213,0,800,0,828,0
ArPg,09-Apr-24,Tuesday,818,1250,0,1250,824,1,350,0,390,1
ArPg,10-Apr-24,Wednesday,1609,1100,250,1350,1478,0,870,0,1061,0
ArPg,11-Apr-24,Thursday,0,35,0,35,30,0,0,0,0,0
ArPg,12-Apr-24,Friday,1170,970,0,970,1107,0,770,0,831,0
ArPg,13-Apr-24,Saturday,0,120,0,120,145,0,0,0,0,0
ArPg,14-Apr-24,Sunday,0,0,0,0,0,0,0,0,0,0
ArPg,15-Apr-24,Monday,1192,1050,0,1050,1199,0,800,0,851,0
ArPg,16-Apr-24,Tuesday,1445,1250,0,1250,1354,0,880,0,951,0
ArPg,17-Apr-24,Wednesday,1501,1450,0,1450,1470,0,750,0,779,0
ArPg,18-Apr-24,Thursday,1403,1200,0,1200,1294,0,750,0,854,0
ArPg,19-Apr-24,Friday,1249,1080,0,1080,1163,0,828,0,780,0
ArPg,20-Apr-24,Saturday,0,120,0,120,130,0,0,0,0,0
ArPg,21-Apr-24,Sunday,0,0,0,0,0,0,0,0,0,0
ArPg,22-Apr-24,Monday,1149,1080,0,1080,1112,0,800,0,777,0
ArPg,23-Apr-24,Tuesday,1419,1250,50,1300,1332,0,800,0,843,0
ArPg,24-Apr-24,Wednesday,1516,1400,0,1400,1463,0,850,0,1024,0
ArPg,25-Apr-24,Thursday,1334,1230,0,1230,1265,0,850,0,853,0
ArPg,26-Apr-24,Friday,1104,1050,0,1050,974,0,750,0,738,0
ArPg,27-Apr-24,Saturday,0,110,0,110,124,0,0,0,0,0
ArPg,28-Apr-24,Sunday,0,0,0,0,0,0,0,0,0,0
ArPg,29-Apr-24,Monday,1134,1050,0,1050,1061,0,750,0,702,0
ArPg,30-Apr-24,Tuesday,1398,1250,0,1250,1341,0,600,0,723,0
ArPg,01-May-24,Wednesday,0,0,0,0,0,0,0,0,0,0
ArPg,02-May-24,Thursday,1371,1150,0,1150,1274,0,750,0,743,0
ArPg,03-May-24,Friday,1178,1000,0,1000,1084,0,650,0,818,0
ArPg,04-May-24,Saturday,0,100,0,100,94,0,0,0,0,0
ArPg,05-May-24,Sunday,0,0,0,0,0,0,0,0,0,0
ArPg,06-May-24,Monday,1154,1050,0,1050,1161,0,750,0,855,0
ArPg,07-May-24,Tuesday,1202,1150,0,1150,1190,0,800,0,764,0
ArPg,08-May-24,Wednesday,1638,1400,0,1400,1549,0,1000,0,1115,0
ArPg,09-May-24,Thursday,1447,1280,0,1280,1316,0,850,0,936,0
ArPg,10-May-24,Friday,1085,950,0,950,1003,0,700,0,833,0
ArPg,11-May-24,Saturday,0,100,0,100,102,0,0,0,0,0
ArPg,12-May-24,Sunday,0,0,0,0,0,0,0,0,0,0
ArPg,13-May-24,Monday,67,0,0,0,0,0,0,0,0,0
ArPg,14-May-24,Tuesday,1438,1300,0,1300,1388,0,900,0,951,0
ArPg,15-May-24,Wednesday,1698,1500,0,1500,1645,0,800,0,842,0
ArPg,16-May-24,Thursday,1537,1350,70,1420,1445,0,850,0,967,0
ArPg,17-May-24,Friday,1287,1250,0,1250,1215,0,800,0,820,0
ArPg,18-May-24,Saturday,0,100,0,100,103,0,0,0,0,0
ArPg,19-May-24,Sunday,0,0,0,0,0,0,0,0,0,0
ArPg,20-May-24,Monday,1185,1200,0,1200,1133,0,700,0,692,0
ArPg,21-May-24,Tuesday,1442,1300,0,1300,1369,0,900,0,885,0
ArPg,22-May-24,Wednesday,1606,1550,0,1550,1512,0,800,0,747,0
ArPg,23-May-24,Thursday,1514,1320,30,1350,1321,0,900,0,1014,0
ArPg,24-May-24,Friday,1133,1100,0,1100,1055,0,800,0,767,0
ArPg,25-May-24,Saturday,0,90,0,90,108,0,0,0,0,0
ArPg,26-May-24,Sunday,0,0,0,0,0,0,0,0,0,0
ArPg,27-May-24,Monday,1099,1100,0,1100,1058,0,800,0,753,0
ArPg,28-May-24,Tuesday,1333,1200,0,1200,1262,0,750,0,889,0
ArPg,29-May-24,Wednesday,1740,1500,0,1500,1570,0,1050,0,1094,0
ArPg,30-May-24,Thursday,1323,1250,0,1250,1239,0,750,0,890,0
ArPg,31-May-24,Friday,1215,1050,0,1050,1052,0,700,0,746,0
ArPg,01-Jun-24,Saturday,0,115,0,115,113,0,0,0,0,0
ArPg,02-Jun-24,Sunday,0,0,0,0,0,0,0,0,0,0
ArPg,03-Jun-24,Monday,1275,1100,0,1100,1193,0,800,0,824,0
ArPg,04-Jun-24,Tuesday,1336,1250,0,1250,1293,0,850,0,931,0
ArPg,05-Jun-24,Wednesday,1521,1350,0,1350,1414,0,700,0,729,0
ArPg,06-Jun-24,Thursday,1560,1230,70,1300,1410,0,750,50,961,0
ArPg,07-Jun-24,Friday,1088,1050,0,1050,961,0,700,0,694,0
ArPg,08-Jun-24,Saturday,0,100,0,100,106,0,0,0,0,0
ArPg,09-Jun-24,Sunday,0,0,0,0,0,0,0,0,0,0
ArPg,10-Jun-24,Monday,1119,1100,0,1100,1106,0,750,0,701,0
ArPg,11-Jun-24,Tuesday,1383,1230,0,1230,1257,0,800,0,850,0
ArPg,12-Jun-24,Wednesday,1520,1350,0,1350,1427,0,800,0,860,0
ArPg,13-Jun-24,Thursday,1381,1300,0,1300,1214,0,700,0,734,0
ArPg,14-Jun-24,Friday,1187,1050,0,1050,1074,0,750,0,861,0
ArPg,15-Jun-24,Saturday,0,100,0,100,102,0,0,0,0,0
ArPg,16-Jun-24,Sunday,0,0,0,0,0,0,0,0,0,0
ArPg,17-Jun-24,Monday,1158,1000,0,1000,1123,0,750,0,802,0
ArPg,18-Jun-24,Tuesday,1494,1250,50,1300,1400,0,800,0,898,0
ArPg,19-Jun-24,Wednesday,1687,1450,0,1450,1540,0,750,0,779,0
ArPg,20-Jun-24,Thursday,1336,1200,0,1200,1199,0,700,0,662,0
ArPg,21-Jun-24,Friday,1045,1000,0,1000,936,0,600,0,581,0
ArPg,22-Jun-24,Saturday,0,100,0,100,109,0,0,0,0,0
ArPg,23-Jun-24,Sunday,0,0,0,0,0,0,0,0,0,0
ArPg,24-Jun-24,Monday,1181,1050,0,1050,1120,0,750,0,744,0
ArPg,25-Jun-24,Tuesday,1511,1350,0,1350,1447,0,800,0,829,0
ArPg,26-Jun-24,Wednesday,1562,1450,0,1450,1415,0,900,0,948,0
ArPg,27-Jun-24,Thursday,1551,1250,70,1320,1423,0,750,90,987,0
ArPg,28-Jun-24,Friday,949,1050,0,1050,1005,0,750,0,692,0
ArPg,29-Jun-24,Saturday,0,100,0,100,104,0,0,0,0,0
ArPg,30-Jun-24,Sunday,0,0,0,0,0,0,0,0,0,0
ArPg,01-Jul-24,Monday,926,1000,0,1000,1016,0,720,0,696,0
ArPg,02-Jul-24,Tuesday,1231,1250,0,1250,1197,0,750,0,796,0
ArPg,03-Jul-24,Wednesday,1419,1400,0,1400,1421,0,650,0,664,0
ArPg,04-Jul-24,Thursday,1487,1350,0,1350,1319,0,850,0,932,0
ArPg,05-Jul-24,Friday,1158,1000,0,1000,1085,0,750,0,775,0
ArPg,06-Jul-24,Saturday,0,130,0,130,194,0,80,0,88,0
ArPg,07-Jul-24,Sunday,0,0,0,0,0,0,0,0,0,0
ArPg,08-Jul-24,Monday,994,1070,0,1070,977,1,700,0,654,1
ArPg,09-Jul-24,Tuesday,1132,1150,0,1150,1084,0,700,0,615,0
ArPg,10-Jul-24,Wednesday,1491,1250,0,1250,1391,0,500,150,671,0
ArPg,11-Jul-24,Thursday,1465,1250,0,1250,1320,0,700,0,724,0
ArPg,12-Jul-24,Friday,1125,1050,0,1050,1076,0,650,0,695,0
ArPg,13-Jul-24,Saturday,0,120,0,120,128,0,0,0,0,0
ArPg,14-Jul-24,Sunday,0,0,0,0,0,0,0,0,0,0
ArPg,15-Jul-24,Monday,1067,1000,0,1000,1009,0,650,0,570,0
ArPg,16-Jul-24,Tuesday,1262,1000,100,1100,1210,0,500,200,742,0
ArPg,17-Jul-24,Wednesday,1208,1300,0,1300,1222,0,600,0,696,0
ArPg,18-Jul-24,Thursday,1349,1250,0,1250,1230,0,700,0,705,0
ArPg,19-Jul-24,Friday,1222,1050,0,1050,1073,0,700,0,744,0
ArPg,20-Jul-24,Saturday,0,100,0,100,106,0,0,0,0,0
ArPg,21-Jul-24,Sunday,0,0,0,0,0,0,0,0,0,0
ArPg,22-Jul-24,Monday,1061,1000,0,1000,1031,0,500,0,507,0
ArPg,23-Jul-24,Tuesday,1411,1200,0,1200,1379,0,650,50,744,0
ArPg,24-Jul-24,Wednesday,1319,1300,0,1300,1260,0,650,0,687,0
ArPg,25-Jul-24,Thursday,478,1000,0,1000,487,1,300,0,239,1
ArPg,26-Jul-24,Friday,761,400,125,525,716,0,400,0,309,0
ArPg,27-Jul-24,Saturday,0,100,0,100,109,0,0,0,0,0
ArPg,28-Jul-24,Sunday,0,0,0,0,0,0,0,0,0,0
ArPg,29-Jul-24,Monday,1068,1000,0,1000,1034,0,750,0,671,0
ArPg,30-Jul-24,Tuesday,1339,1300,0,1300,1293,0,700,0,739,0
ArPg,31-Jul-24,Wednesday,1275,1250,0,1250,1134,1,700,0,783,1
ArPg,01-Aug-24,Thursday,1193,1100,0,1100,1097,0,600,0,665,0
ArPg,02-Aug-24,Friday,930,950,0,950,835,1,650,0,632,1
ArPg,03-Aug-24,Saturday,0,90,0,90,111,0,0,0,0,0
ArPg,04-Aug-24,Sunday,0,0,0,0,0,0,0,0,0,0
ArPg,05-Aug-24,Monday,1010,850,100,950,991,0,600,0,594,0
ArPg,06-Aug-24,Tuesday,1475,1250,50,1300,1423,0,800,0,769,0
ArPg,07-Aug-24,Wednesday,1553,1250,70,1320,1449,0,600,0,668,0
ArPg,08-Aug-24,Thursday,1347,1100,100,1200,1275,0,700,0,795,0
ArPg,09-Aug-24,Friday,1068,1050,0,1050,984,0,650,0,670,0
ArPg,10-Aug-24,Saturday,0,90,0,90,107,0,0,0,0,0
ArPg,11-Aug-24,Sunday,0,0,0,0,0,0,0,0,0,0
ArPg,12-Aug-24,Monday,1272,1000,200,1200,1213,0,600,50,679,0
ArPg,13-Aug-24,Tuesday,1379,1300,0,1300,1274,0,750,0,799,0
ArPg,14-Aug-24,Wednesday,1323,1150,0,1150,1218,0,600,0,765,0
ArPg,15-Aug-24,Thursday,0,0,0,0,0,0,0,0,0,0
ArPg,16-Aug-24,Friday,648,650,0,650,596,0,300,0,293,0
ArPg,17-Aug-24,Saturday,0,85,0,85,100,0,0,0,0,0
ArPg,18-Aug-24,Sunday,0,0,0,0,0,0,0,0,0,0
ArPg,19-Aug-24,Monday,633,600,0,600,601,0,280,0,271,0
ArPg,20-Aug-24,Tuesday,1127,1250,0,1250,1065,1,750,0,758,1
ArPg,21-Aug-24,Wednesday,1199,1200,0,1200,1151,0,500,0,502,0
ArPg,22-Aug-24,Thursday,1430,700,500,1200,1360,0,750,0,762,0
ArPg,23-Aug-24,Friday,1105,1000,0,1000,996,0,600,0,684,0
ArPg,24-Aug-24,Saturday,0,90,0,90,103,0,0,0,0,0
ArPg,25-Aug-24,Sunday,0,0,0,0,0,0,0,0,0,0
ArPg,26-Aug-24,Monday,1015,1000,0,1000,1002,0,550,0,546,0
ArPg,27-Aug-24,Tuesday,936,800,50,850,903,0,450,0,395,0
ArPg,28-Aug-24,Wednesday,1587,1200,70,1270,1521,0,900,0,928,0
ArPg,29-Aug-24,Thursday,1505,1250,0,1250,1320,0,750,50,895,0
ArPg,30-Aug-24,Friday,1175,1000,0,1000,1028,0,730,0,704,0
ArPg,31-Aug-24,Saturday,0,85,0,85,88,0,0,0,0,0
ArPg,01-Sep-24,Sunday,0,0,0,0,0,0,0,0,0,0
ArPg,02-Sep-24,Monday,1083,1000,0,1000,1053,0,650,0,566,0
ArPg,03-Sep-24,Tuesday,1379,1200,0,1200,1290,0,750,0,698,0
ArPg,04-Sep-24,Wednesday,1396,1300,0,1300,1256,0,550,0,552,0
ArPg,05-Sep-24,Thursday,1136,1150,0,1150,1058,1,600,0,505,1
ArPg,06-Sep-24,Friday,734,700,0,700,666,0,300,0,413,0
ArPg,07-Sep-24,Saturday,0,80,0,80,79,0,0,0,0,0
ArPg,08-Sep-24,Sunday,0,0,0,0,0,0,0,0,0,0
ArPg,09-Sep-24,Monday,961,900,0,900,925,0,550,0,512,0
ArPg,10-Sep-24,Tuesday,1071,1000,0,1000,1060,0,500,0,521,0
ArPg,11-Sep-24,Wednesday,864,850,0,850,804,0,400,0,473,0
ArPg,12-Sep-24,Thursday,1016,1100,0,1100,921,1,690,0,568,1
ArPg,13-Sep-24,Friday,919,750,0,750,838,0,400,80,557,0
ArPg,14-Sep-24,Saturday,0,80,0,80,99,0,0,0,0,0
ArPg,15-Sep-24,Sunday,0,0,0,0,0,0,0,0,0,0
ArPg,16-Sep-24,Monday,719,550,50,600,720,0,300,0,308,0
ArPg,17-Sep-24,Tuesday,0,0,0,0,0,0,0,0,0,0
ArPg,18-Sep-24,Wednesday,1081,600,200,800,1018,0,350,250,716,0
ArPg,19-Sep-24,Thursday,1417,950,250,1200,1311,0,600,150,791,0
ArPg,20-Sep-24,Friday,1188,1000,0,1000,1045,0,650,0,706,0
ArPg,21-Sep-24,Saturday,0,90,0,90,87,0,0,0,0,0
ArPg,22-Sep-24,Sunday,0,0,0,0,0,0,0,0,0,0
ArPg,23-Sep-24,Monday,1163,1050,0,1050,1116,0,650,0,696,0
ArPg,24-Sep-24,Tuesday,1431,1250,0,1250,1299,0,750,0,776,0
ArPg,25-Sep-24,Wednesday,1411,1250,0,1250,1285,0,700,0,820,0
ArPg,26-Sep-24,Thursday,1005,900,0,900,969,0,500,0,575,0
ArPg,27-Sep-24,Friday,1110,950,0,950,994,0,600,0,563,0
ArPg,28-Sep-24,Saturday,0,90,0,90,105,0,0,0,0,0
ArPg,29-Sep-24,Sunday,0,0,0,0,0,0,0,0,0,0
ArPg,30-Sep-24,Monday,1140,1050,0,1050,1122,0,650,0,599,0
ArPg,01-Oct-24,Tuesday,1421,1250,0,1250,1261,0,550,0,568,0
ArPg,02-Oct-24,Wednesday,0,0,0,0,0,0,0,0,0,0
ArPg,03-Oct-24,Thursday,1069,1000,50,1050,1196,0,650,0,777,0
ArPg,04-Oct-24,Friday,1054,1000,0,1000,1061,0,600,0,603,0
ArPg,05-Oct-24,Saturday,0,100,0,100,104,0,0,0,0,0
ArPg,06-Oct-24,Sunday,0,0,0,0,0,0,0,0,0,0
ArPg,07-Oct-24,Monday,1066,1050,0,1050,960,1,650,0,637,1
ArPg,08-Oct-24,Tuesday,1345,1250,0,1250,1301,0,750,0,738,0
ArPg,09-Oct-24,Wednesday,1456,1150,50,1200,1313,0,650,50,858,0
ArPg,10-Oct-24,Thursday,1340,1250,0,1250,1143,1,800,0,802,1
ArPg,11-Oct-24,Friday,868,950,0,950,864,0,600,0,406,0
ArPg,12-Oct-24,Saturday,0,100,0,100,83,0,0,0,0,0
ArPg,13-Oct-24,Sunday,0,0,0,0,0,0,0,0,0,0
ArPg,14-Oct-24,Monday,1115,1000,0,1000,999,0,600,0,584,0
ArPg,15-Oct-24,Tuesday,1342,1250,0,1250,1196,0,700,0,706,0
ArPg,16-Oct-24,Wednesday,1303,1230,0,1230,1204,0,750,0,755,0
ArPg,17-Oct-24,Thursday,1205,1100,0,1100,1098,0,600,0,597,0
ArPg,18-Oct-24,Friday,1069,950,0,950,884,0,500,0,577,0
ArPg,19-Oct-24,Saturday,0,100,0,100,123,0,0,0,0,0
ArPg,20-Oct-24,Sunday,0,0,0,0,0,0,0,0,0,0
ArPg,21-Oct-24,Monday,1068,1000,0,1000,995,0,600,0,569,0
ArPg,22-Oct-24,Tuesday,1246,1250,0,1250,1121,1,650,0,662,1
ArPg,23-Oct-24,Wednesday,1260,1150,0,1150,1069,0,700,0,768,0
ArPg,24-Oct-24,Thursday,1166,900,0,900,1068,0,450,50,517,0
ArPg,25-Oct-24,Friday,773,900,0,900,790,1,500,0,493,1
ArPg,26-Oct-24,Saturday,0,90,0,90,107,0,0,0,0,0
ArPg,27-Oct-24,Sunday,0,0,0,0,0,0,0,0,0,0
ArPg,28-Oct-24,Monday,847,700,0,700,819,0,430,0,432,0
ArPg,29-Oct-24,Tuesday,805,600,30,630,719,0,325,0,367,0
ArPg,30-Oct-24,Wednesday,635,650,0,650,553,1,250,0,207,1
ArPg,31-Oct-24,Thursday,236,400,0,400,240,1,140,0,106,1
ArPg,01-Nov-24,Friday,0,0,0,0,0,0,0,0,0,0
ArPg,02-Nov-24,Saturday,0,60,0,60,67,0,0,0,0,0
ArPg,03-Nov-24,Sunday,0,0,0,0,0,0,0,0,0,0
ArPg,04-Nov-24,Monday,515,300,120,420,537,0,150,100,274,0
ArPg,05-Nov-24,Tuesday,760,800,0,800,694,1,500,0,423,1
ArPg,06-Nov-24,Wednesday,872,800,0,800,808,0,350,0,326,0
ArPg,07-Nov-24,Thursday,899,750,0,750,814,0,450,0,472,0
ArPg,08-Nov-24,Friday,805,750,0,750,723,0,450,0,435,0
ArPg,09-Nov-24,Saturday,0,90,0,90,96,0,0,0,0,0
ArPg,10-Nov-24,Sunday,0,0,0,0,0,0,0,0,0,0
ArPg,11-Nov-24,Monday,951,950,0,950,870,0,650,0,538,0
ArPg,12-Nov-24,Tuesday,910,600,100,700,793,0,350,50,422,0
ArPg,13-Nov-24,Wednesday,1268,1100,0,1100,1131,0,650,0,743,0
ArPg,14-Nov-24,Thursday,1144,1000,0,1000,996,0,650,0,641,0
ArPg,15-Nov-24,Friday,952,800,0,800,856,0,500,0,553,0
ArPg,16-Nov-24,Saturday,0,90,0,90,106,0,0,0,0,0
ArPg,17-Nov-24,Sunday,0,0,0,0,0,0,0,0,0,0
ArPg,18-Nov-24,Monday,1066,900,0,900,1008,0,550,0,526,0
ArPg,19-Nov-24,Tuesday,1205,1100,0,1100,1159,0,500,0,478,0
ArPg,20-Nov-24,Wednesday,0,0,0,0,0,0,0,0,0,0
ArPg,21-Nov-24,Thursday,1127,1000,0,1000,1037,0,650,0,685,0
ArPg,22-Nov-24,Friday,941,800,0,800,905,0,550,0,563,0
ArPg,23-Nov-24,Saturday,0,100,0,100,120,0,0,0,0,0
ArPg,24-Nov-24,Sunday,0,0,0,0,0,0,0,0,0,0
ArPg,25-Nov-24,Monday,983,950,0,950,928,0,650,0,610,0
ArPg,26-Nov-24,Tuesday,1174,1100,0,1100,1088,0,650,0,604,0
ArPg,27-Nov-24,Wednesday,1208,1100,0,1100,1116,0,600,0,683,0
ArPg,28-Nov-24,Thursday,1207,1050,0,1050,1121,0,500,0,651,0
ArPg,29-Nov-24,Friday,984,900,0,900,942,0,600,0,612,0
ArPg,30-Nov-24,Saturday,0,100,0,100,108,0,0,0,0,0
ArPg,01-Dec-24,Sunday,0,0,0,0,0,0,0,0,0,0
ArPg,02-Dec-24,Monday,1011,920,0,920,977,0,550,0,515,0
ArPg,03-Dec-24,Tuesday,1157,1100,0,1100,1121,0,630,0,665,0
ArPg,04-Dec-24,Wednesday,1152,1100,0,1100,1136,0,670,0,784,0
ArPg,05-Dec-24,Thursday,1058,1050,0,1050,990,0,450,0,431,0
ArPg,06-Dec-24,Friday,929,900,0,900,835,0,500,0,558,0
ArPg,07-Dec-24,Saturday,0,100,0,100,110,0,0,0,0,0
ArPg,08-Dec-24,Sunday,0,0,0,0,0,0,0,0,0,0
ArPg,09-Dec-24,Monday,1080,950,0,950,1029,0,550,0,672,0
ArPg,10-Dec-24,Tuesday,1274,1100,0,1100,1205,0,650,0,722,0
ArPg,11-Dec-24,Wednesday,1259,1150,0,1150,1101,0,650,0,698,0
ArPg,12-Dec-24,Thursday,1139,1000,0,1000,1042,0,600,0,608,0
ArPg,13-Dec-24,Friday,1025,900,0,900,906,0,600,0,661,0
ArPg,14-Dec-24,Saturday,0,550,0,550,292,1,120,0,125,1
ArPg,15-Dec-24,Sunday,0,0,0,0,0,0,0,0,0,0
ArPg,16-Dec-24,Monday,973,1000,0,1000,945,0,650,0,601,0
ArPg,17-Dec-24,Tuesday,1002,1150,0,1150,1090,0,650,0,637,0
ArPg,18-Dec-24,Wednesday,1170,1100,0,1100,1117,0,600,0,609,0
ArPg,19-Dec-24,Thursday,1223,1000,0,1000,1121,0,600,100,758,0
ArPg,20-Dec-24,Friday,950,850,0,850,796,0,550,0,520,0
ArPg,21-Dec-24,Saturday,0,100,0,100,100,0,0,0,0,0
ArPg,22-Dec-24,Sunday,0,0,0,0,0,0,0,0,0,0
ArPg,23-Dec-24,Monday,907,950,0,950,866,0,600,0,574,0
ArPg,24-Dec-24,Tuesday,988,1100,0,1100,943,1,500,0,411,1
ArPg,25-Dec-24,Wednesday,0,0,0,0,0,0,0,0,0,0
ArPg,26-Dec-24,Thursday,797,900,0,900,736,1,450,0,442,1
ArPg,27-Dec-24,Friday,701,650,0,650,643,0,400,0,399,0
ArPg,28-Dec-24,Saturday,0,90,0,90,102,0,0,0,0,0
ArPg,29-Dec-24,Sunday,0,0,0,0,0,0,0,0,0,0
ArPg,30-Dec-24,Monday,888,800,0,800,846,0,500,0,562,0
ArPg,31-Dec-24,Tuesday,841,800,0,800,795,0,350,0,376,0
ArPg,01-Jan-25,Wednesday,625,650,0,650,613,0,250,0,263,0
ArPg,02-Jan-25,Thursday,1138,750,200,950,1067,0,400,200,731,0
ArPg,03-Jan-25,Friday,1081,950,0,950,980,0,600,0,587,0
ArPg,04-Jan-25,Saturday,0,100,0,100,111,0,0,0,0,0
ArPg,05-Jan-25,Sunday,0,0,0,0,0,0,0,0,0,0
ArPg,06-Jan-25,Monday,886,1000,0,1000,834,1,550,0,621,1
ArPg,07-Jan-25,Tuesday,995,900,0,900,933,0,500,0,690,0
ArPg,08-Jan-25,Wednesday,1266,900,100,1000,1115,0,550,50,647,0
ArPg,09-Jan-25,Thursday,1134,1050,0,1050,1002,0,600,0,671,0
ArPg,10-Jan-25,Friday,872,900,0,900,776,1,500,0,483,1
ArPg,11-Jan-25,Saturday,0,130,0,130,121,0,0,0,0,0
ArPg,12-Jan-25,Sunday,0,0,0,0,0,0,0,0,0,0
ArPg,13-Jan-25,Monday,1057,900,50,950,1031,0,550,50,636,0
ArPg,14-Jan-25,Tuesday,1118,850,100,950,1066,0,500,100,663,0
ArPg,15-Jan-25,Wednesday,1411,1050,100,1150,1279,0,450,150,667,0
ArPg,16-Jan-25,Thursday,1252,1050,0,1050,1141,0,800,0,857,0
ArPg,17-Jan-25,Friday,944,1000,0,1000,843,1,300,0,286,1
ArPg,18-Jan-25,Saturday,0,125,0,125,141,0,0,0,0,0
ArPg,19-Jan-25,Sunday,0,0,0,0,0,0,0,0,0,0
ArPg,20-Jan-25,Monday,962,1000,0,1000,933,0,600,0,608,0
ArPg,21-Jan-25,Tuesday,1086,1000,0,1000,1071,0,600,0,613,0
ArPg,22-Jan-25,Wednesday,1173,1100,0,1100,1074,0,700,0,747,0
ArPg,23-Jan-25,Thursday,1123,1000,0,1000,1040,0,600,0,661,0
ArPg,24-Jan-25,Friday,995,900,0,900,919,0,550,0,564,0
ArPg,25-Jan-25,Saturday,0,90,0,90,111,0,0,0,0,0
ArPg,26-Jan-25,Sunday,0,0,0,0,0,0,0,0,0,0
ArPg,27-Jan-25,Monday,992,950,0,950,986,0,580,0,661,0
ArPg,28-Jan-25,Tuesday,1205,1050,0,1050,1165,0,550,50,644,0
ArPg,29-Jan-25,Wednesday,1232,1150,0,1150,1167,0,700,0,719,0
ArPg,30-Jan-25,Thursday,1117,1100,0,1100,1084,0,700,0,741,0
ArPg,31-Jan-25,Friday,1021,1000,0,1000,945,0,600,0,580,0
ArPg,01-Feb-25,Saturday,0,90,0,90,101,0,0,0,0,0
ArPg,02-Feb-25,Sunday,0,0,0,0,0,0,0,0,0,0
ArPg,03-Feb-25,Monday,956,950,0,950,942,0,650,0,636,0
ArPg,04-Feb-25,Tuesday,1185,1100,0,1100,1096,0,650,0,629,0
ArPg,05-Feb-25,Wednesday,1264,1150,0,1150,1188,0,550,0,583,0
ArPg,06-Feb-25,Thursday,1169,1050,0,1050,1072,0,700,0,737,0
ArPg,07-Feb-25,Friday,938,1000,0,1000,879,1,600,0,508,0
ArPg,08-Feb-25,Saturday,0,110,0,110,112,0,0,0,0,0
ArPg,09-Feb-25,Sunday,0,0,0,0,0,0,0,0,0,0
ArPg,10-Feb-25,Monday,1049,950,0,950,1002,0,550,0,595,0
ArPg,11-Feb-25,Tuesday,1204,1100,0,1100,1154,0,600,0,579,0
ArPg,12-Feb-25,Wednesday,1226,1150,0,1150,1166,0,600,0,765,0
ArPg,13-Feb-25,Thursday,1207,1050,0,1050,1089,0,650,0,678,0
ArPg,14-Feb-25,Friday,900,950,0,950,839,1,500,0,533,1
ArPg,15-Feb-25,Saturday,0,90,0,90,94,0,0,0,0,0
ArPg,16-Feb-25,Sunday,0,0,0,0,0,0,0,0,0,0
ArPg,17-Feb-25,Monday,949,950,0,950,941,0,600,0,584,0
ArPg,18-Feb-25,Tuesday,1213,1100,0,1100,1118,0,600,0,606,0
ArPg,19-Feb-25,Wednesday,884,1000,0,1000,852,1,300,0,388,1
ArPg,20-Feb-25,Thursday,1139,1100,0,1100,1057,0,600,0,548,0
ArPg,21-Feb-25,Friday,993,900,0,900,822,0,500,0,564,0
ArPg,22-Feb-25,Saturday,0,120,0,120,125,0,0,0,0,0
ArPg,23-Feb-25,Sunday,0,0,0,0,0,0,0,0,0,0
ArPg,24-Feb-25,Monday,963,950,0,950,947,0,550,0,508,0
ArPg,25-Feb-25,Tuesday,1210,1150,0,1150,1160,0,600,50,643,0
ArPg,26-Feb-25,Wednesday,1020,1000,0,1000,1006,0,500,0,529,0
ArPg,27-Feb-25,Thursday,1106,1050,0,1050,1046,0,500,0,714,0
ArPg,28-Feb-25,Friday,958,850,0,850,904,0,550,0,614,0
Bhageerath,01-Apr-24,Monday,201,190,0,190,207,0,140,0,128,0
Bhageerath,02-Apr-24,Tuesday,195,190,0,190,211,0,160,0,152,0
Bhageerath,03-Apr-24,Wednesday,328,315,0,315,327,0,180,0,152,0
Bhageerath,04-Apr-24,Thursday,247,220,0,220,231,0,160,0,168,0
Bhageerath,05-Apr-24,Friday,0,400,0,400,448,0,300,0,307,0
Bhageerath,06-Apr-24,Saturday,0,60,0,60,61,0,0,0,0,0
Bhageerath,07-Apr-24,Sunday,0,0,0,0,0,0,0,0,0,0
Bhageerath,08-Apr-24,Monday,328,300,0,300,275,0,200,0,207,0
Bhageerath,09-Apr-24,Tuesday,215,200,0,200,208,0,80,0,82,0
Bhageerath,10-Apr-24,Wednesday,315,280,0,280,282,0,180,0,192,0
Bhageerath,11-Apr-24,Thursday,0,0,0,0,0,0,0,0,0,0
Bhageerath,12-Apr-24,Friday,162,170,0,170,178,0,90,0,102,0
Bhageerath,13-Apr-24,Saturday,0,45,0,45,51,0,0,0,0,0
Bhageerath,14-Apr-24,Sunday,0,0,0,0,0,0,0,0,0,0
Bhageerath,15-Apr-24,Monday,217,200,0,200,215,0,175,0,154,0
Bhageerath,16-Apr-24,Tuesday,276,250,0,250,284,0,180,0,194,0
Bhageerath,17-Apr-24,Wednesday,332,325,0,325,338,0,220,0,157,0
Bhageerath,18-Apr-24,Thursday,259,240,0,240,274,0,120,0,158,0
Bhageerath,19-Apr-24,Friday,210,200,0,200,218,0,100,0,143,0
Bhageerath,20-Apr-24,Saturday,0,50,0,50,56,0,0,0,0,0
Bhageerath,21-Apr-24,Sunday,0,0,0,0,0,0,0,0,0,0
Bhageerath,22-Apr-24,Monday,205,225,0,225,206,0,120,0,122,0
Bhageerath,23-Apr-24,Tuesday,204,225,0,225,200,0,120,0,127,0
Bhageerath,24-Apr-24,Wednesday,272,250,0,250,272,0,160,0,176,0
Bhageerath,25-Apr-24,Thursday,221,200,0,200,227,0,125,0,141,0
Bhageerath,26-Apr-24,Friday,183,190,0,190,205,0,110,0,137,0
Bhageerath,27-Apr-24,Saturday,0,35,0,35,40,0,0,0,0,0
Bhageerath,28-Apr-24,Sunday,0,0,0,0,0,0,0,0,0,0
Bhageerath,29-Apr-24,Monday,199,190,0,190,213,0,130,0,122,0
Bhageerath,30-Apr-24,Tuesday,259,240,0,240,253,0,140,0,153,0
Bhageerath,01-May-24,Wednesday,0,0,0,0,0,0,0,0,0,0
Bhageerath,02-May-24,Thursday,170,160,20,180,179,0,90,0,94,0
Bhageerath,03-May-24,Friday,197,180,10,190,184,0,90,0,132,0
Bhageerath,04-May-24,Saturday,0,35,0,35,38,0,0,0,0,0
Bhageerath,05-May-24,Sunday,0,0,0,0,0,0,0,0,0,0
Bhageerath,06-May-24,Monday,176,150,20,170,198,0,130,0,132,0
Bhageerath,07-May-24,Tuesday,245,180,40,220,225,0,140,0,155,0
Bhageerath,08-May-24,Wednesday,227,250,0,250,225,0,110,0,119,0
Bhageerath,09-May-24,Thursday,237,150,40,190,230,0,140,0,151,0
Bhageerath,10-May-24,Friday,154,150,0,150,164,0,90,0,125,0
Bhageerath,11-May-24,Saturday,0,35,0,35,39,0,0,0,0,0
Bhageerath,12-May-24,Sunday,0,0,0,0,0,0,0,0,0,0
Bhageerath,13-May-24,Monday,12,0,0,0,0,0,0,0,0,0
Bhageerath,14-May-24,Tuesday,221,150,50,200,211,0,150,0,154,0
Bhageerath,15-May-24,Wednesday,256,250,0,250,254,0,120,0,162,0
Bhageerath,16-May-24,Thursday,207,190,30,220,214,0,140,0,142,0
Bhageerath,17-May-24,Friday,180,175,0,175,177,0,100,0,98,0
Bhageerath,18-May-24,Saturday,0,35,0,35,43,0,0,0,0,0
Bhageerath,19-May-24,Sunday,0,0,0,0,0,0,0,0,0,0
Bhageerath,20-May-24,Monday,130,190,0,190,156,0,80,0,95,0
Bhageerath,21-May-24,Tuesday,189,180,40,220,195,0,125,0,134,0
Bhageerath,22-May-24,Wednesday,189,200,0,200,207,0,110,0,107,0
Bhageerath,23-May-24,Thursday,165,150,0,150,174,0,110,0,125,0
Bhageerath,24-May-24,Friday,188,150,25,175,186,0,100,0,126,0
Bhageerath,25-May-24,Saturday,0,35,0,35,43,0,0,0,0,0
Bhageerath,26-May-24,Sunday,0,0,0,0,0,0,0,0,0,0
Bhageerath,27-May-24,Monday,182,180,0,180,197,0,125,0,120,0
Bhageerath,28-May-24,Tuesday,165,170,0,170,177,0,110,0,128,0
Bhageerath,29-May-24,Wednesday,228,200,20,220,259,0,180,0,193,0
Bhageerath,30-May-24,Thursday,356,220,80,300,323,0,220,0,240,0
Bhageerath,31-May-24,Friday,264,240,0,240,223,0,150,0,158,0
Bhageerath,01-Jun-24,Saturday,0,45,0,45,57,0,0,0,0,0
Bhageerath,02-Jun-24,Sunday,0,0,0,0,0,0,0,0,0,0
Bhageerath,03-Jun-24,Monday,229,170,40,210,242,0,150,0,142,0
Bhageerath,04-Jun-24,Tuesday,155,200,0,200,172,0,150,0,132,0
Bhageerath,05-Jun-24,Wednesday,215,210,0,210,221,0,130,0,112,0
Bhageerath,06-Jun-24,Thursday,224,200,0,200,192,0,120,0,137,0
Bhageerath,07-Jun-24,Friday,186,180,0,180,177,0,100,0,112,0
Bhageerath,08-Jun-24,Saturday,0,35,0,35,40,0,0,0,0,0
Bhageerath,09-Jun-24,Sunday,0,0,0,0,0,0,0,0,0,0
Bhageerath,10-Jun-24,Monday,179,170,0,170,182,0,110,0,118,0
Bhageerath,11-Jun-24,Tuesday,289,170,55,225,255,0,140,0,180,0
Bhageerath,12-Jun-24,Wednesday,243,190,0,190,237,0,150,0,154,0
Bhageerath,13-Jun-24,Thursday,170,170,0,170,169,0,80,0,90,0
Bhageerath,14-Jun-24,Friday,157,150,0,150,166,0,100,0,112,0
Bhageerath,15-Jun-24,Saturday,0,35,0,35,40,0,0,0,0,0
Bhageerath,16-Jun-24,Sunday,0,0,0,0,0,0,0,0,0,0
Bhageerath,17-Jun-24,Monday,168,170,0,170,169,0,90,0,114,0
Bhageerath,18-Jun-24,Tuesday,210,160,0,160,214,0,145,0,142,0
Bhageerath,19-Jun-24,Wednesday,198,190,0,190,197,0,100,0,105,0
Bhageerath,20-Jun-24,Thursday,0,380,80,460,537,0,430,0,412,0
Bhageerath,21-Jun-24,Friday,192,150,15,165,197,0,100,0,114,0
Bhageerath,22-Jun-24,Saturday,0,90,0,90,87,0,0,0,0,0
Bhageerath,23-Jun-24,Sunday,0,0,0,0,0,0,0,0,0,0
Bhageerath,24-Jun-24,Monday,184,170,0,170,195,0,130,0,132,0
Bhageerath,25-Jun-24,Tuesday,194,180,0,180,210,0,150,0,110,0
Bhageerath,26-Jun-24,Wednesday,196,200,0,200,198,0,120,0,114,0
Bhageerath,27-Jun-24,Thursday,185,160,0,160,176,0,110,0,125,0
Bhageerath,28-Jun-24,Friday,138,160,0,160,168,0,110,0,112,0
Bhageerath,29-Jun-24,Saturday,0,35,0,35,43,0,0,0,0,0
Bhageerath,30-Jun-24,Sunday,0,0,0,0,0,0,0,0,0,0
Bhageerath,01-Jul-24,Monday,137,170,0,170,169,0,100,0,118,0
Bhageerath,02-Jul-24,Tuesday,174,160,0,160,167,0,100,0,118,0
Bhageerath,03-Jul-24,Wednesday,225,180,20,200,229,0,140,0,127,0
Bhageerath,04-Jul-24,Thursday,255,160,40,200,240,0,150,0,175,0
Bhageerath,05-Jul-24,Friday,246,160,65,225,250,0,150,0,149,0
Bhageerath,06-Jul-24,Saturday,0,35,0,35,45,0,0,0,0,0
Bhageerath,07-Jul-24,Sunday,0,0,0,0,0,0,0,0,0,0
Bhageerath,08-Jul-24,Monday,0,300,160,460,500,0,300,0,371,0
Bhageerath,09-Jul-24,Tuesday,0,400,80,480,515,0,380,0,371,0
Bhageerath,10-Jul-24,Wednesday,0,400,120,520,545,0,400,0,388,0
Bhageerath,11-Jul-24,Thursday,0,240,110,350,348,0,230,0,232,0
Bhageerath,12-Jul-24,Friday,0,350,70,420,417,0,340,0,365,0
Bhageerath,13-Jul-24,Saturday,0,165,0,165,164,0,90,0,90,0
Bhageerath,14-Jul-24,Sunday,0,0,0,0,0,0,0,0,0,0
Bhageerath,15-Jul-24,Monday,0,330,30,360,377,0,285,0,280,0
Bhageerath,16-Jul-24,Tuesday,0,350,120,470,500,0,330,0,320,0
Bhageerath,17-Jul-24,Wednesday,0,350,50,400,415,0,280,0,300,0
Bhageerath,18-Jul-24,Thursday,0,380,0,380,393,0,250,0,238,0
Bhageerath,19-Jul-24,Friday,0,350,0,350,323,0,250,0,225,0
Bhageerath,20-Jul-24,Saturday,0,45,0,45,45,0,0,0,0,0
Bhageerath,21-Jul-24,Sunday,0,0,0,0,0,0,0,0,0,0
Bhageerath,22-Jul-24,Monday,162,200,0,200,174,0,100,0,105,0
Bhageerath,23-Jul-24,Tuesday,237,175,15,190,238,0,150,0,145,0
Bhageerath,24-Jul-24,Wednesday,258,200,0,200,250,0,140,0,156,0
Bhageerath,25-Jul-24,Thursday,108,120,0,120,109,0,50,0,58,0
Bhageerath,26-Jul-24,Friday,125,70,20,90,140,0,80,0,81,0
Bhageerath,27-Jul-24,Saturday,0,35,0,35,38,0,0,0,0,0
Bhageerath,28-Jul-24,Sunday,0,0,0,0,0,0,0,0,0,0
Bhageerath,29-Jul-24,Monday,196,200,0,200,203,0,140,0,138,0
Bhageerath,30-Jul-24,Tuesday,258,200,20,220,263,0,140,0,145,0
Bhageerath,31-Jul-24,Wednesday,188,150,0,150,186,0,120,0,134,0
Bhageerath,01-Aug-24,Thursday,190,170,0,170,165,0,100,0,118,0
Bhageerath,02-Aug-24,Friday,108,140,0,140,116,0,80,0,74,0
Bhageerath,03-Aug-24,Saturday,0,35,0,35,36,0,0,0,0,0
Bhageerath,04-Aug-24,Sunday,0,0,0,0,0,0,0,0,0,0
Bhageerath,05-Aug-24,Monday,138,100,0,100,153,0,85,0,84,0
Bhageerath,06-Aug-24,Tuesday,172,150,0,150,181,0,120,0,94,0
Bhageerath,07-Aug-24,Wednesday,204,170,30,200,215,0,140,0,103,0
Bhageerath,08-Aug-24,Thursday,133,200,0,200,184,0,130,0,108,0
Bhageerath,09-Aug-24,Friday,144,150,0,150,145,0,115,0,109,0
Bhageerath,10-Aug-24,Saturday,0,35,0,35,36,0,0,0,0,0
Bhageerath,11-Aug-24,Sunday,0,0,0,0,0,0,0,0,0,0
Bhageerath,12-Aug-24,Monday,226,170,50,220,232,0,150,0,134,0
Bhageerath,13-Aug-24,Tuesday,0,300,50,350,326,0,210,0,187,0
Bhageerath,14-Aug-24,Wednesday,211,160,15,175,230,0,130,0,130,0
Bhageerath,15-Aug-24,Thursday,0,0,0,0,0,0,0,0,0,0
Bhageerath,16-Aug-24,Friday,138,100,25,125,151,0,80,0,95,0
Bhageerath,17-Aug-24,Saturday,0,30,0,30,35,0,0,0,0,0
Bhageerath,18-Aug-24,Sunday,0,0,0,0,0,0,0,0,0,0
Bhageerath,19-Aug-24,Monday,84,150,0,150,118,1,100,0,52,1
Bhageerath,20-Aug-24,Tuesday,251,200,0,200,229,0,300,0,226,0
Bhageerath,21-Aug-24,Wednesday,281,230,0,230,254,0,120,0,99,0
Bhageerath,22-Aug-24,Thursday,284,150,50,200,242,0,150,0,140,0
Bhageerath,23-Aug-24,Friday,221,180,0,180,212,0,120,0,144,0
Bhageerath,24-Aug-24,Saturday,0,35,0,35,36,0,0,0,0,0
Bhageerath,25-Aug-24,Sunday,0,0,0,0,0,0,0,0,0,0
Bhageerath,26-Aug-24,Monday,166,200,0,200,183,0,100,0,92,0
Bhageerath,27-Aug-24,Tuesday,99,120,0,120,122,0,50,0,51,0
Bhageerath,28-Aug-24,Wednesday,254,150,70,220,250,0,130,0,152,0
Bhageerath,29-Aug-24,Thursday,191,200,0,200,198,0,120,0,125,0
Bhageerath,30-Aug-24,Friday,260,170,30,200,233,0,140,0,143,0
Bhageerath,31-Aug-24,Saturday,0,35,0,35,38,0,0,0,0,0
Bhageerath,01-Sep-24,Sunday,0,0,0,0,0,0,0,0,0,0
Bhageerath,02-Sep-24,Monday,211,170,40,210,202,0,100,0,104,0
Bhageerath,03-Sep-24,Tuesday,237,210,15,225,257,0,180,0,124,0
Bhageerath,04-Sep-24,Wednesday,217,200,0,200,231,0,120,0,106,0
Bhageerath,05-Sep-24,Thursday,165,180,0,180,142,1,90,0,82,1
Bhageerath,06-Sep-24,Friday,81,80,0,80,90,0,50,0,58,0
Bhageerath,07-Sep-24,Saturday,0,30,0,30,30,0,0,0,0,0
Bhageerath,08-Sep-24,Sunday,0,0,0,0,0,0,0,0,0,0
Bhageerath,09-Sep-24,Monday,138,170,0,170,153,0,100,0,78,0
Bhageerath,10-Sep-24,Tuesday,153,90,35,125,171,0,80,0,76,0
Bhageerath,11-Sep-24,Wednesday,137,100,25,125,149,0,80,0,85,0
Bhageerath,12-Sep-24,Thursday,239,140,60,200,238,0,140,0,138,0
Bhageerath,13-Sep-24,Friday,155,160,0,160,163,0,80,0,84,0
Bhageerath,14-Sep-24,Saturday,0,30,0,30,38,0,0,0,0,0
Bhageerath,15-Sep-24,Sunday,0,0,0,0,0,0,0,0,0,0
Bhageerath,16-Sep-24,Monday,119,60,60,120,148,0,70,0,52,0
Bhageerath,17-Sep-24,Tuesday,0,0,0,0,0,0,0,0,0,0
Bhageerath,18-Sep-24,Wednesday,216,80,90,170,205,0,150,0,167,0
Bhageerath,19-Sep-24,Thursday,234,150,60,210,244,0,150,0,142,0
Bhageerath,20-Sep-24,Friday,193,170,15,185,185,0,110,0,116,0
Bhageerath,21-Sep-24,Saturday,0,35,0,35,43,0,0,0,0,0
Bhageerath,22-Sep-24,Sunday,0,0,0,0,0,0,0,0,0,0
Bhageerath,23-Sep-24,Monday,163,170,0,170,168,0,100,0,113,0
Bhageerath,24-Sep-24,Tuesday,163,180,0,180,151,0,100,0,113,0
Bhageerath,25-Sep-24,Wednesday,190,140,25,165,192,0,120,0,159,0
Bhageerath,26-Sep-24,Thursday,267,60,140,200,209,0,130,0,133,0
Bhageerath,27-Sep-24,Friday,166,150,0,150,158,0,85,0,84,0
Bhageerath,28-Sep-24,Saturday,0,30,0,30,35,0,0,0,0,0
Bhageerath,29-Sep-24,Sunday,0,0,0,0,0,0,0,0,0,0
Bhageerath,30-Sep-24,Monday,188,140,35,175,190,0,100,0,119,0
Bhageerath,01-Oct-24,Tuesday,227,125,75,200,230,0,110,0,99,0
Bhageerath,02-Oct-24,Wednesday,0,0,0,0,0,0,0,0,0,0
Bhageerath,03-Oct-24,Thursday,198,160,20,180,219,0,130,0,127,0
Bhageerath,04-Oct-24,Friday,205,180,0,180,195,0,120,0,133,0
Bhageerath,05-Oct-24,Saturday,0,30,0,30,34,0,0,0,0,0
Bhageerath,06-Oct-24,Sunday,0,0,0,0,0,0,0,0,0,0
Bhageerath,07-Oct-24,Monday,210,180,0,180,204,0,120,0,120,0
Bhageerath,08-Oct-24,Tuesday,316,250,0,250,312,0,220,0,198,0
Bhageerath,09-Oct-24,Wednesday,253,190,20,210,254,0,150,0,142,0
Bhageerath,10-Oct-24,Thursday,192,200,0,200,172,0,100,0,81,0
Bhageerath,11-Oct-24,Friday,119,150,0,150,149,0,80,0,70,0
Bhageerath,12-Oct-24,Saturday,0,30,0,30,35,0,0,0,0,0
Bhageerath,13-Oct-24,Sunday,0,0,0,0,0,0,0,0,0,0
Bhageerath,14-Oct-24,Monday,228,200,15,215,228,0,140,0,122,0
Bhageerath,15-Oct-24,Tuesday,365,250,75,325,355,0,230,0,230,0
Bhageerath,16-Oct-24,Wednesday,442,380,45,425,468,0,315,0,282,0
Bhageerath,17-Oct-24,Thursday,429,400,0,400,391,0,230,0,214,0
Bhageerath,18-Oct-24,Friday,251,170,50,220,238,0,110,0,167,0
Bhageerath,19-Oct-24,Saturday,0,50,0,50,52,0,0,0,0,0
Bhageerath,20-Oct-24,Sunday,0,60,0,60,72,0,15,0,15,0
Bhageerath,21-Oct-24,Monday,404,325,50,375,371,0,240,0,217,0
Bhageerath,22-Oct-24,Tuesday,436,320,30,350,389,0,250,0,252,0
Bhageerath,23-Oct-24,Wednesday,369,430,0,430,370,1,280,0,264,1
Bhageerath,24-Oct-24,Thursday,262,200,0,200,233,0,100,0,121,0
Bhageerath,25-Oct-24,Friday,140,150,0,150,175,0,90,0,118,0
Bhageerath,26-Oct-24,Saturday,0,30,0,30,42,0,0,0,0,0
Bhageerath,27-Oct-24,Sunday,0,0,0,0,0,0,0,0,0,0
Bhageerath,28-Oct-24,Monday,181,150,0,150,167,0,90,0,98,0
Bhageerath,29-Oct-24,Tuesday,180,125,25,150,167,0,90,0,87,0
Bhageerath,30-Oct-24,Wednesday,98,150,0,150,102,1,40,0,38,1
Bhageerath,31-Oct-24,Thursday,28,40,0,40,56,0,20,0,20,0
Bhageerath,01-Nov-24,Friday,0,0,0,0,0,0,0,0,0,0
Bhageerath,02-Nov-24,Saturday,0,25,0,25,26,0,0,0,0,0
Bhageerath,03-Nov-24,Sunday,0,0,0,0,0,0,0,0,0,0
Bhageerath,04-Nov-24,Monday,72,100,0,100,89,0,50,0,48,0
Bhageerath,05-Nov-24,Tuesday,126,120,0,120,144,0,100,0,88,0
Bhageerath,06-Nov-24,Wednesday,160,150,0,150,174,0,80,0,96,0
Bhageerath,07-Nov-24,Thursday,183,160,0,160,192,0,120,0,128,0
Bhageerath,08-Nov-24,Friday,136,160,0,160,152,0,100,0,92,0
Bhageerath,09-Nov-24,Saturday,0,30,0,30,38,0,0,0,0,0
Bhageerath,10-Nov-24,Sunday,0,0,0,0,0,0,0,0,0,0
Bhageerath,11-Nov-24,Monday,251,200,50,250,266,0,190,0,181,0
Bhageerath,12-Nov-24,Tuesday,346,180,120,300,345,0,200,0,182,0
Bhageerath,13-Nov-24,Wednesday,514,400,35,435,420,0,300,0,287,0
Bhageerath,14-Nov-24,Thursday,466,270,90,360,402,0,350,0,336,0
Bhageerath,15-Nov-24,Friday,205,180,0,180,196,0,100,0,132,0
Bhageerath,16-Nov-24,Saturday,0,35,0,35,43,0,0,0,0,0
Bhageerath,17-Nov-24,Sunday,0,0,0,0,0,0,0,0,0,0
Bhageerath,18-Nov-24,Monday,239,200,30,230,268,0,150,0,155,0
Bhageerath,19-Nov-24,Tuesday,386,325,30,355,393,0,220,0,208,0
Bhageerath,20-Nov-24,Wednesday,0,0,0,0,0,0,0,0,0,0
Bhageerath,21-Nov-24,Thursday,268,325,0,325,295,0,200,0,175,0
Bhageerath,22-Nov-24,Friday,201,180,0,180,213,0,120,0,138,0
Bhageerath,23-Nov-24,Saturday,0,35,0,35,44,0,0,0,0,0
Bhageerath,24-Nov-24,Sunday,0,0,0,0,0,0,0,0,0,0
Bhageerath,25-Nov-24,Monday,376,360,0,360,376,0,280,0,273,0
Bhageerath,26-Nov-24,Tuesday,359,350,0,350,378,0,260,0,230,0
Bhageerath,27-Nov-24,Wednesday,433,350,50,400,412,0,240,0,228,0
Bhageerath,28-Nov-24,Thursday,321,320,0,320,318,0,180,0,175,0
Bhageerath,29-Nov-24,Friday,245,180,50,230,257,0,160,0,161,0
Bhageerath,30-Nov-24,Saturday,0,35,0,35,46,0,0,0,0,0
Bhageerath,01-Dec-24,Sunday,0,0,0,0,0,0,0,0,0,0
Bhageerath,02-Dec-24,Monday,288,225,30,255,283,0,160,0,152,0
Bhageerath,03-Dec-24,Tuesday,328,350,0,350,325,0,250,0,221,0
Bhageerath,04-Dec-24,Wednesday,369,330,15,345,357,0,250,0,240,0
Bhageerath,05-Dec-24,Thursday,343,300,0,300,311,0,180,0,174,0
Bhageerath,06-Dec-24,Friday,185,200,0,200,187,0,120,0,134,0
Bhageerath,07-Dec-24,Saturday,0,35,0,35,46,0,0,0,0,0
Bhageerath,08-Dec-24,Sunday,0,0,0,0,0,0,0,0,0,0
Bhageerath,09-Dec-24,Monday,297,250,0,250,294,0,150,0,168,0
Bhageerath,10-Dec-24,Tuesday,341,350,0,350,330,0,220,0,215,0
Bhageerath,11-Dec-24,Wednesday,259,350,0,350,265,0,200,0,172,0
Bhageerath,12-Dec-24,Thursday,443,350,0,350,321,0,220,0,195,0
Bhageerath,13-Dec-24,Friday,208,160,20,180,203,0,100,0,145,0
Bhageerath,14-Dec-24,Saturday,0,80,0,80,81,0,30,0,38,0
Bhageerath,15-Dec-24,Sunday,0,0,0,0,0,0,0,0,0,0
Bhageerath,16-Dec-24,Monday,247,200,25,225,260,0,180,0,166,0
Bhageerath,17-Dec-24,Tuesday,318,330,10,340,370,0,270,0,230,0
Bhageerath,18-Dec-24,Wednesday,327,300,0,300,308,0,180,0,170,0
Bhageerath,19-Dec-24,Thursday,332,300,0,300,284,0,180,0,181,0
Bhageerath,20-Dec-24,Friday,160,180,0,180,172,0,100,0,100,0
Bhageerath,21-Dec-24,Saturday,0,35,0,35,39,0,0,0,0,0
Bhageerath,22-Dec-24,Sunday,0,0,0,0,0,0,0,0,0,0
Bhageerath,23-Dec-24,Monday,236,160,30,190,239,0,150,0,136,0
Bhageerath,24-Dec-24,Tuesday,260,190,20,210,236,0,120,0,110,0
Bhageerath,25-Dec-24,Wednesday,0,0,0,0,0,0,0,0,0,0
Bhageerath,26-Dec-24,Thursday,172,130,20,150,186,0,110,0,102,0
Bhageerath,27-Dec-24,Friday,201,120,20,140,165,0,100,0,124,0
Bhageerath,28-Dec-24,Saturday,0,35,0,35,42,0,0,0,0,0
Bhageerath,29-Dec-24,Sunday,0,0,0,0,0,0,0,0,0,0
Bhageerath,30-Dec-24,Monday,181,140,20,160,185,0,110,0,121,0
Bhageerath,31-Dec-24,Tuesday,183,160,15,175,191,0,80,0,80,0
Bhageerath,01-Jan-25,Wednesday,113,130,0,130,137,0,60,0,58,0
Bhageerath,02-Jan-25,Thursday,275,150,100,250,283,0,180,0,177,0
Bhageerath,03-Jan-25,Friday,226,150,25,175,218,0,130,0,139,0
Bhageerath,04-Jan-25,Saturday,0,35,0,35,36,0,0,0,0,0
Bhageerath,05-Jan-25,Sunday,0,0,0,0,0,0,0,0,0,0
Bhageerath,06-Jan-25,Monday,266,170,55,225,269,0,190,0,182,0
Bhageerath,07-Jan-25,Tuesday,276,200,75,275,289,0,200,0,212,0
Bhageerath,08-Jan-25,Wednesday,335,280,0,280,311,0,200,0,175,0
Bhageerath,09-Jan-25,Thursday,262,270,0,270,275,0,170,0,160,0
Bhageerath,10-Jan-25,Friday,152,160,0,160,169,0,100,0,100,0
Bhageerath,11-Jan-25,Saturday,0,35,0,35,37,0,0,0,0,0
Bhageerath,12-Jan-25,Sunday,0,0,0,0,0,0,0,0,0,0
Bhageerath,13-Jan-25,Monday,373,250,50,300,341,0,250,0,209,0
Bhageerath,14-Jan-25,Tuesday,329,300,0,300,331,0,240,0,203,0
Bhageerath,15-Jan-25,Wednesday,378,300,65,365,381,0,270,0,180,0
Bhageerath,16-Jan-25,Thursday,379,270,60,330,367,0,270,0,246,0
Bhageerath,17-Jan-25,Friday,175,220,0,220,196,0,80,0,91,0
Bhageerath,18-Jan-25,Saturday,0,35,0,35,49,0,0,0,0,0
Bhageerath,19-Jan-25,Sunday,0,0,0,0,0,0,0,0,0,0
Bhageerath,20-Jan-25,Monday,331,200,80,280,331,0,230,0,235,0
Bhageerath,21-Jan-25,Tuesday,419,270,80,350,387,0,240,0,277,0
Bhageerath,22-Jan-25,Wednesday,439,350,20,370,412,0,250,0,281,0
Bhageerath,23-Jan-25,Thursday,436,330,70,400,415,0,290,0,251,0
Bhageerath,24-Jan-25,Friday,175,220,0,220,183,0,140,0,130,0
Bhageerath,25-Jan-25,Saturday,0,35,0,35,39,0,35,0,35,0
Bhageerath,26-Jan-25,Sunday,0,0,0,0,0,0,0,0,0,0
Bhageerath,27-Jan-25,Monday,242,220,30,250,256,0,170,0,185,0
Bhageerath,28-Jan-25,Tuesday,342,320,0,320,347,0,200,0,215,0
Bhageerath,29-Jan-25,Wednesday,276,330,0,330,298,0,200,0,184,0
Bhageerath,30-Jan-25,Thursday,364,290,30,320,350,0,225,0,233,0
Bhageerath,31-Jan-25,Friday,183,190,0,190,188,0,100,0,138,0
Bhageerath,01-Feb-25,Saturday,0,35,0,35,44,0,0,0,0,0
Bhageerath,02-Feb-25,Sunday,0,0,0,0,0,0,0,0,0,0
Bhageerath,03-Feb-25,Monday,287,240,30,270,271,0,180,0,199,0
Bhageerath,04-Feb-25,Tuesday,389,340,0,340,395,0,275,0,260,0
Bhageerath,05-Feb-25,Wednesday,357,370,0,370,330,0,220,0,182,0
Bhageerath,06-Feb-25,Thursday,322,320,0,320,326,0,210,0,234,0
Bhageerath,07-Feb-25,Friday,188,190,0,190,184,0,90,0,96,0
Bhageerath,08-Feb-25,Saturday,0,35,0,35,38,0,35,0,41,0
Bhageerath,09-Feb-25,Sunday,0,0,0,0,0,0,0,0,0,0
Bhageerath,10-Feb-25,Monday,256,250,0,250,263,0,180,0,161,0
Bhageerath,11-Feb-25,Tuesday,340,330,0,330,350,0,210,0,170,0
Bhageerath,12-Feb-25,Wednesday,333,320,0,320,336,0,220,0,250,0
Bhageerath,13-Feb-25,Thursday,266,320,0,320,275,0,230,0,196,0
Bhageerath,14-Feb-25,Friday,215,180,25,205,217,0,130,0,178,0
Bhageerath,15-Feb-25,Saturday,0,35,0,35,41,0,0,0,0,0
Bhageerath,16-Feb-25,Sunday,0,0,0,0,0,0,0,0,0,0
Bhageerath,17-Feb-25,Monday,223,250,0,250,236,0,170,0,154,0
Bhageerath,18-Feb-25,Tuesday,323,320,0,320,324,0,180,0,196,0
Bhageerath,19-Feb-25,Wednesday,226,230,0,230,227,0,100,0,96,0
Bhageerath,20-Feb-25,Thursday,312,250,80,330,318,0,220,0,178,0
Bhageerath,21-Feb-25,Friday,173,200,0,200,200,0,120,0,127,0
Bhageerath,22-Feb-25,Saturday,0,45,0,45,51,0,0,0,0,0
Bhageerath,23-Feb-25,Sunday,0,0,0,0,0,0,0,0,0,0
Bhageerath,24-Feb-25,Monday,243,240,0,240,258,0,180,0,164,0
Bhageerath,25-Feb-25,Tuesday,318,300,0,300,333,0,210,0,202,0
Bhageerath,26-Feb-25,Wednesday,209,300,0,300,223,0,150,0,156,0
Bhageerath,27-Feb-25,Thursday,335,315,65,380,335,0,220,0,262,0
Bhageerath,28-Feb-25,Friday,213,190,20,210,226,0,150,0,158,0
Veda Complex,01-Apr-24,Monday,1686,0,0,0,1614,0,1100,0,1089,0
Veda Complex,02-Apr-24,Tuesday,2185,0,0,0,2031,1,1300,0,1226,1
Veda Complex,03-Apr-24,Wednesday,0,0,0,0,2098,1,1000,0,1084,0
Veda Complex,04-Apr-24,Thursday,0,0,0,0,2156,0,1400,0,1488,0
Veda Complex,05-Apr-24,Friday,1601,0,0,0,1511,0,1000,0,1079,0
Veda Complex,06-Apr-24,Saturday,0,0,0,0,148,0,0,0,0,0
Veda Complex,07-Apr-24,Sunday,0,0,0,0,0,0,0,0,0,0
Veda Complex,08-Apr-24,Monday,1615,0,0,0,1539,0,1100,0,1162,0
Veda Complex,09-Apr-24,Tuesday,1872,0,0,0,1760,1,0,0,0,0
Veda Complex,10-Apr-24,Wednesday,1922,0,0,0,1787,0,1100,0,1200,0
Veda Complex,11-Apr-24,Thursday,0,0,0,0,0,0,0,0,0,0
Veda Complex,12-Apr-24,Friday,1660,0,0,0,1547,0,900,0,978,0
Veda Complex,13-Apr-24,Saturday,0,0,0,0,143,0,0,0,0,0
Veda Complex,14-Apr-24,Sunday,0,0,0,0,0,0,0,0,0,0
Veda Complex,15-Apr-24,Monday,1654,0,0,0,1644,0,1150,0,1068,1
Veda Complex,16-Apr-24,Tuesday,1884,0,0,0,1701,0,1150,0,1212,0
Veda Complex,17-Apr-24,Wednesday,1921,0,0,0,1817,0,900,0,889,0
Veda Complex,18-Apr-24,Thursday,1875,0,0,0,1719,0,1150,0,1221,0
Veda Complex,19-Apr-24,Friday,1712,0,0,0,1616,0,1000,0,1066,0
Veda Complex,20-Apr-24,Saturday,0,0,0,0,142,0,0,0,0,0
Veda Complex,21-Apr-24,Sunday,0,0,0,0,0,0,0,0,0,0
Veda Complex,22-Apr-24,Monday,1623,0,0,0,1569,0,1000,0,1005,0
Veda Complex,23-Apr-24,Tuesday,1734,0,0,0,1568,1,1000,0,1017,0
Veda Complex,24-Apr-24,Wednesday,1995,0,0,0,1862,0,1150,0,1261,0
Veda Complex,25-Apr-24,Thursday,1867,0,0,0,1704,0,1050,0,1108,0
Veda Complex,26-Apr-24,Friday,1684,0,0,0,1549,0,1000,0,1088,0
Veda Complex,27-Apr-24,Saturday,0,0,0,0,161,0,0,0,0,0
Veda Complex,28-Apr-24,Sunday,0,0,0,0,0,0,0,0,0,0
Veda Complex,29-Apr-24,Monday,1635,0,0,0,1544,0,1000,0,964,1
Veda Complex,30-Apr-24,Tuesday,1867,0,0,0,1715,0,800,0,889,0
Veda Complex,01-May-24,Wednesday,0,0,0,0,0,0,0,0,0,0
Veda Complex,02-May-24,Thursday,1754,0,0,0,1627,0,950,0,1034,0
Veda Complex,03-May-24,Friday,1596,0,0,0,1469,1,900,0,1066,0
Veda Complex,04-May-24,Saturday,0,0,0,0,147,0,0,0,0,0
Veda Complex,05-May-24,Sunday,0,0,0,0,0,0,0,0,0,0
Veda Complex,06-May-24,Monday,1530,0,0,0,1544,0,1050,0,1101,0
Veda Complex,07-May-24,Tuesday,231,0,0,0,0,0,0,0,0,0
Veda Complex,08-May-24,Wednesday,1974,0,0,0,1913,0,1150,0,1253,0
Veda Complex,09-May-24,Thursday,1874,0,0,0,1741,0,1100,0,1212,0
Veda Complex,10-May-24,Friday,1620,0,0,0,1494,0,1050,0,1118,0
Veda Complex,11-May-24,Saturday,0,0,0,0,136,0,0,0,0,0
Veda Complex,12-May-24,Sunday,0,0,0,0,0,0,0,0,0,0
Veda Complex,13-May-24,Monday,974,0,0,0,1139,1,800,0,735,0
Veda Complex,14-May-24,Tuesday,1755,0,0,0,1604,0,1000,0,1085,0
Veda Complex,15-May-24,Wednesday,2017,0,0,0,1860,0,950,0,1019,0
Veda Complex,16-May-24,Thursday,1893,0,0,0,1747,0,1150,0,1211,0
Veda Complex,17-May-24,Friday,1685,1500,0,1500,1589,0,950,0,1009,0
Veda Complex,18-May-24,Saturday,0,110,0,110,155,0,0,0,0,0
Veda Complex,19-May-24,Sunday,0,0,0,0,0,0,0,0,0,0
Veda Complex,20-May-24,Monday,1516,1500,0,1500,1463,1,1000,0,989,0
Veda Complex,21-May-24,Tuesday,1808,1600,0,1600,1685,0,1050,0,1133,0
Veda Complex,22-May-24,Wednesday,1997,1750,0,1750,1884,0,800,0,937,0
Veda Complex,23-May-24,Thursday,1985,1650,0,1650,1794,0,1200,0,1317,0
Veda Complex,24-May-24,Friday,1717,1500,0,1500,1544,0,1000,0,1018,0
Veda Complex,25-May-24,Saturday,0,120,0,120,163,0,0,0,0,0
Veda Complex,26-May-24,Sunday,0,0,0,0,0,0,0,0,0,0
Veda Complex,27-May-24,Monday,1599,1400,0,1400,1518,0,1100,0,1059,1
Veda Complex,28-May-24,Tuesday,2104,1800,0,1800,1885,0,1200,0,1256,0
Veda Complex,29-May-24,Wednesday,2230,2500,0,2500,2539,0,2100,0,1908,1
Veda Complex,30-May-24,Thursday,1782,1400,0,1400,1571,0,1000,0,1198,0
Veda Complex,31-May-24,Friday,1628,1400,0,1400,1483,0,900,0,989,0
Veda Complex,01-Jun-24,Saturday,0,120,0,120,162,0,0,0,0,0
Veda Complex,02-Jun-24,Sunday,0,0,0,0,0,0,0,0,0,0
Veda Complex,03-Jun-24,Monday,1537,1400,0,1400,1481,0,1050,0,1015,1
Veda Complex,04-Jun-24,Tuesday,1622,1500,0,1500,1526,0,950,0,1043,0
Veda Complex,05-Jun-24,Wednesday,2189,1900,0,1900,1987,0,1000,0,961,1
Veda Complex,06-Jun-24,Thursday,1890,1600,0,1600,1741,0,1000,0,1188,0
Veda Complex,07-Jun-24,Friday,1598,1500,0,1500,1444,1,1000,0,1035,0
Veda Complex,08-Jun-24,Saturday,0,120,0,120,163,0,0,0,0,0
Veda Complex,09-Jun-24,Sunday,0,0,0,0,0,0,0,0,0,0
Veda Complex,10-Jun-24,Monday,1500,1400,0,1400,1404,0,900,0,822,1
Veda Complex,11-Jun-24,Tuesday,1811,1500,0,1500,1653,0,900,0,1132,0
Veda Complex,12-Jun-24,Wednesday,1978,1700,0,1700,1832,0,1000,0,1163,0
Veda Complex,13-Jun-24,Thursday,1861,1500,0,1500,1730,0,900,0,1120,0
Veda Complex,14-Jun-24,Friday,1662,1400,0,1400,1551,0,900,0,1102,0
Veda Complex,15-Jun-24,Saturday,0,120,0,120,153,0,0,0,0,0
Veda Complex,16-Jun-24,Sunday,0,0,0,0,0,0,0,0,0,0
Veda Complex,17-Jun-24,Monday,1494,1400,0,1400,1424,0,1000,0,1020,0
Veda Complex,18-Jun-24,Tuesday,1799,1500,0,1500,1655,0,1100,0,1127,0
Veda Complex,19-Jun-24,Wednesday,2018,1700,0,1700,1871,0,800,0,911,0
Veda Complex,20-Jun-24,Thursday,1798,1650,0,1650,1667,0,950,0,967,0
Veda Complex,21-Jun-24,Friday,1570,1450,0,1450,1431,0,900,0,843,1
Veda Complex,22-Jun-24,Saturday,0,120,0,120,132,0,0,0,0,0
Veda Complex,23-Jun-24,Sunday,0,0,0,0,0,0,0,0,0,0
Veda Complex,24-Jun-24,Monday,1641,1450,0,1450,1498,0,900,0,1002,0
Veda Complex,25-Jun-24,Tuesday,1878,1550,0,1550,1751,0,1000,0,1096,0
Veda Complex,26-Jun-24,Wednesday,1804,1800,0,1800,1689,1,850,0,1061,0
Veda Complex,27-Jun-24,Thursday,1908,1600,0,1600,1698,0,1100,0,1244,0
Veda Complex,28-Jun-24,Friday,1194,1400,0,1400,1502,0,900,0,1041,0
Veda Complex,29-Jun-24,Saturday,0,120,0,120,153,0,0,0,0,0
Veda Complex,30-Jun-24,Sunday,0,0,0,0,0,0,0,0,0,0
Veda Complex,01-Jul-24,Monday,1111,1400,0,1400,1413,0,1000,0,996,0
Veda Complex,02-Jul-24,Tuesday,1646,1500,0,1500,1524,0,1000,0,1104,0
Veda Complex,03-Jul-24,Wednesday,1607,1800,0,1800,1866,0,900,0,945,0
Veda Complex,04-Jul-24,Thursday,1831,1500,0,1500,1562,0,1000,0,1137,0
Veda Complex,05-Jul-24,Friday,1514,1400,0,1400,1351,1,900,0,816,1
Veda Complex,06-Jul-24,Saturday,0,120,0,120,134,0,0,0,0,0
Veda Complex,07-Jul-24,Sunday,0,0,0,0,0,0,0,0,0,0
Veda Complex,08-Jul-24,Monday,1501,1400,0,1400,1416,0,800,0,954,0
Veda Complex,09-Jul-24,Tuesday,1658,1500,0,1500,1530,0,900,0,928,0
Veda Complex,10-Jul-24,Wednesday,1949,1700,0,1700,1824,0,800,0,924,0
Veda Complex,11-Jul-24,Thursday,1744,1550,0,1550,1621,0,900,0,985,0
Veda Complex,12-Jul-24,Friday,1456,1400,0,1400,1265,1,900,0,980,0
Veda Complex,13-Jul-24,Saturday,0,120,0,120,148,0,0,0,0,0
Veda Complex,14-Jul-24,Sunday,0,0,0,0,0,0,0,0,0,0
Veda Complex,15-Jul-24,Monday,1490,1350,0,1350,1417,0,900,0,897,0
Veda Complex,16-Jul-24,Tuesday,1795,1350,150,1500,1639,0,1000,0,1106,0
Veda Complex,17-Jul-24,Wednesday,1971,1750,0,1750,1827,0,1000,0,1067,0
Veda Complex,18-Jul-24,Thursday,1895,1500,150,1650,1831,0,1000,0,1108,0
Veda Complex,19-Jul-24,Friday,1831,1500,0,1500,1526,0,1050,0,1059,0
Veda Complex,20-Jul-24,Saturday,0,120,0,120,151,0,0,0,0,0
Veda Complex,21-Jul-24,Sunday,0,0,0,0,0,0,0,0,0,0
Veda Complex,22-Jul-24,Monday,1448,1400,0,1400,1283,1,700,0,599,1
Veda Complex,23-Jul-24,Tuesday,1730,1450,50,1500,1605,0,900,0,1074,0
Veda Complex,24-Jul-24,Wednesday,1803,1700,0,1700,1681,0,900,0,1056,0
Veda Complex,25-Jul-24,Thursday,785,1100,0,1100,769,1,350,0,532,0
Veda Complex,26-Jul-24,Friday,1310,500,450,950,1204,0,800,0,622,1
Veda Complex,27-Jul-24,Saturday,0,120,0,120,127,0,0,0,0,0
Veda Complex,28-Jul-24,Sunday,0,0,0,0,0,0,0,0,0,0
Veda Complex,29-Jul-24,Monday,1579,1400,0,1400,1457,0,1000,0,1050,0
Veda Complex,30-Jul-24,Tuesday,1715,1600,0,1600,1597,0,1000,0,986,0
Veda Complex,31-Jul-24,Wednesday,2010,2000,0,2000,1843,1,1100,0,1230,0
Veda Complex,01-Aug-24,Thursday,1758,1400,150,1550,1573,0,1000,0,1108,0
Veda Complex,02-Aug-24,Friday,1438,1350,0,1350,1335,0,900,0,1098,0
Veda Complex,03-Aug-24,Saturday,0,120,0,120,164,0,0,0,0,0
Veda Complex,04-Aug-24,Sunday,0,0,0,0,0,0,0,0,0,0
Veda Complex,05-Aug-24,Monday,1365,1300,0,1300,1281,0,900,0,832,1
Veda Complex,06-Aug-24,Tuesday,1852,1300,200,1500,1733,0,950,0,1025,0
Veda Complex,07-Aug-24,Wednesday,1857,1700,0,1700,1770,0,800,0,816,0
Veda Complex,08-Aug-24,Thursday,1627,1500,100,1600,1626,0,1000,0,1135,0
Veda Complex,09-Aug-24,Friday,1571,1400,0,1400,1539,0,900,0,1036,0
Veda Complex,10-Aug-24,Saturday,0,130,0,130,145,0,0,0,0,0
Veda Complex,11-Aug-24,Sunday,0,0,0,0,0,0,0,0,0,0
Veda Complex,12-Aug-24,Monday,1617,1350,0,1350,1453,0,900,0,802,1
Veda Complex,13-Aug-24,Tuesday,1995,1500,100,1600,1747,0,1000,0,1199,0
Veda Complex,14-Aug-24,Wednesday,1797,1400,100,1500,1637,0,700,0,929,0
Veda Complex,15-Aug-24,Thursday,0,0,0,0,0,0,0,0,0,0
Veda Complex,16-Aug-24,Friday,809,700,0,700,772,0,450,0,402,1
Veda Complex,17-Aug-24,Saturday,0,100,0,100,132,0,0,0,0,0
Veda Complex,18-Aug-24,Sunday,0,0,0,0,0,0,0,0,0,0
Veda Complex,19-Aug-24,Monday,800,900,0,900,746,1,600,0,356,1
Veda Complex,20-Aug-24,Tuesday,1248,1000,100,1100,1138,0,800,0,831,0
Veda Complex,21-Aug-24,Wednesday,1532,1200,100,1300,1438,0,900,0,686,1
Veda Complex,22-Aug-24,Thursday,1719,1500,0,1500,1564,0,800,0,878,0
Veda Complex,23-Aug-24,Friday,1542,1400,0,1400,1371,0,800,0,917,0
Veda Complex,24-Aug-24,Saturday,0,140,0,140,148,0,0,0,0,0
Veda Complex,25-Aug-24,Sunday,0,0,0,0,0,0,0,0,0,0
Veda Complex,26-Aug-24,Monday,1284,1300,0,1300,1228,1,700,0,683,0
Veda Complex,27-Aug-24,Tuesday,1374,1200,0,1200,1289,0,600,0,707,0
Veda Complex,28-Aug-24,Wednesday,1934,1400,200,1600,1733,0,1000,0,1100,0
Veda Complex,29-Aug-24,Thursday,1930,1600,0,1600,1695,0,1100,0,1263,0
Veda Complex,30-Aug-24,Friday,1551,1400,0,1400,1405,0,900,0,863,1
Veda Complex,31-Aug-24,Saturday,0,110,0,110,172,0,0,0,0,0
Veda Complex,01-Sep-24,Sunday,0,0,0,0,0,0,0,0,0,0
Veda Complex,02-Sep-24,Monday,1482,1300,0,1300,1406,0,800,0,841,0
Veda Complex,03-Sep-24,Tuesday,1758,1500,0,1500,1601,0,900,0,919,0
Veda Complex,04-Sep-24,Wednesday,1873,1600,0,1600,1708,0,750,0,821,0
Veda Complex,05-Sep-24,Thursday,1580,1500,0,1500,1401,1,950,0,834,1
Veda Complex,06-Sep-24,Friday,1209,1300,0,1300,1078,1,700,0,662,0
Veda Complex,07-Sep-24,Saturday,0,80,0,80,117,0,0,0,0,0
Veda Complex,08-Sep-24,Sunday,0,0,0,0,0,0,0,0,0,0
Veda Complex,09-Sep-24,Monday,1251,1200,0,1200,1203,0,800,0,740,1
Veda Complex,10-Sep-24,Tuesday,1373,1200,0,1200,1273,0,700,0,833,0
Veda Complex,11-Sep-24,Wednesday,1323,1400,0,1400,1233,1,700,0,781,0
Veda Complex,12-Sep-24,Thursday,1509,1250,0,1250,1360,0,800,0,849,0
Veda Complex,13-Sep-24,Friday,1246,1200,0,1200,1149,1,700,0,838,0
Veda Complex,14-Sep-24,Saturday,0,100,0,100,144,0,0,0,0,0
Veda Complex,15-Sep-24,Sunday,0,0,0,0,0,0,0,0,0,0
Veda Complex,16-Sep-24,Monday,917,500,300,800,864,0,350,0,333,0
Veda Complex,17-Sep-24,Tuesday,0,0,0,0,0,0,0,0,0,0
Veda Complex,18-Sep-24,Wednesday,1701,1400,100,1500,1630,0,1000,0,1161,0
Veda Complex,19-Sep-24,Thursday,2126,1738,0,1738,1678,1,1100,0,1151,0
Veda Complex,20-Sep-24,Friday,2085,1500,200,1700,1843,0,1050,0,1200,0
Veda Complex,21-Sep-24,Saturday,0,120,0,120,148,0,0,0,0,0
Veda Complex,22-Sep-24,Sunday,0,0,0,0,0,0,0,0,0,0
Veda Complex,23-Sep-24,Monday,1525,1400,0,1400,1422,0,900,0,971,0
Veda Complex,24-Sep-24,Tuesday,1784,1500,100,1600,1631,0,1050,0,1075,0
Veda Complex,25-Sep-24,Wednesday,1875,1600,100,1700,1717,0,1050,0,1163,0
Veda Complex,26-Sep-24,Thursday,1660,1500,0,1500,1542,0,950,0,946,0
Veda Complex,27-Sep-24,Friday,1586,1350,0,1350,1346,0,800,0,750,1
Veda Complex,28-Sep-24,Saturday,0,120,0,120,152,0,0,0,0,0
Veda Complex,29-Sep-24,Sunday,0,0,0,0,0,0,0,0,0,0
Veda Complex,30-Sep-24,Monday,1545,1350,0,1350,1522,0,850,0,891,0
Veda Complex,01-Oct-24,Tuesday,1893,1250,350,1600,1687,0,800,0,762,0
Veda Complex,02-Oct-24,Wednesday,0,0,0,0,0,0,0,0,0,0
Veda Complex,03-Oct-24,Thursday,1375,1200,300,1500,1687,0,900,0,950,0
Veda Complex,04-Oct-24,Friday,1377,1400,50,1450,1565,0,1050,0,1019,0
Veda Complex,05-Oct-24,Saturday,0,120,0,120,142,0,0,0,0,0
Veda Complex,06-Oct-24,Sunday,0,0,0,0,0,0,0,0,0,0
Veda Complex,07-Oct-24,Monday,1838,1800,0,1800,1749,1,1000,0,1102,0
Veda Complex,08-Oct-24,Tuesday,1810,1500,50,1550,1610,0,1050,0,1021,0
Veda Complex,09-Oct-24,Wednesday,1971,1700,0,1700,1779,0,1000,0,1137,0
Veda Complex,10-Oct-24,Thursday,1850,1400,100,1500,1492,0,1200,0,1026,1
Veda Complex,11-Oct-24,Friday,1015,1350,0,1350,1196,1,800,0,610,1
Veda Complex,12-Oct-24,Saturday,0,70,0,70,82,0,0,0,0,0
Veda Complex,13-Oct-24,Sunday,0,0,0,0,0,0,0,0,0,0
Veda Complex,14-Oct-24,Monday,1398,1300,0,1300,1267,0,800,0,816,0
Veda Complex,15-Oct-24,Tuesday,1625,1400,0,1400,1463,0,850,0,950,0
Veda Complex,16-Oct-24,Wednesday,1779,1600,0,1600,1594,0,1000,0,1036,0
Veda Complex,17-Oct-24,Thursday,1874,1400,100,1500,1662,0,950,0,1032,0
Veda Complex,18-Oct-24,Friday,1630,1350,0,1350,1397,0,800,0,893,0
Veda Complex,19-Oct-24,Saturday,0,110,0,110,149,0,0,0,0,0
Veda Complex,20-Oct-24,Sunday,0,0,0,0,0,0,0,0,0,0
Veda Complex,21-Oct-24,Monday,1457,1400,0,1400,1368,0,800,0,856,0
Veda Complex,22-Oct-24,Tuesday,1829,1450,150,1600,1621,0,1000,0,1066,0
Veda Complex,23-Oct-24,Wednesday,1578,1800,0,1800,1399,1,1100,0,1055,0
Veda Complex,24-Oct-24,Thursday,1304,1400,0,1400,1160,1,800,0,633,1
Veda Complex,25-Oct-24,Friday,881,1000,0,1000,976,0,600,0,667,0
Veda Complex,26-Oct-24,Saturday,0,90,0,90,146,0,0,0,0,0
Veda Complex,27-Oct-24,Sunday,0,0,0,0,0,0,0,0,0,0
Veda Complex,28-Oct-24,Monday,825,850,0,850,790,1,500,0,483,0
Veda Complex,29-Oct-24,Tuesday,779,500,150,650,723,0,400,0,429,0
Veda Complex,30-Oct-24,Wednesday,526,600,0,600,502,1,350,0,197,1
Veda Complex,31-Oct-24,Thursday,230,250,0,250,264,0,150,0,122,0
Veda Complex,01-Nov-24,Friday,0,0,0,0,0,0,0,0,0,0
Veda Complex,02-Nov-24,Saturday,0,100,0,100,85,0,0,0,0,0
Veda Complex,03-Nov-24,Sunday,0,0,0,0,0,0,0,0,0,0
Veda Complex,04-Nov-24,Monday,510,1000,0,1000,474,1,500,0,365,1
Veda Complex,05-Nov-24,Tuesday,746,500,200,700,688,0,400,0,412,0
Veda Complex,06-Nov-24,Wednesday,859,800,0,800,832,0,400,0,378,0
Veda Complex,07-Nov-24,Thursday,984,700,100,800,920,0,400,0,512,0
Veda Complex,08-Nov-24,Friday,843,800,0,800,768,0,500,0,491,0
Veda Complex,09-Nov-24,Saturday,0,120,0,120,123,0,0,0,0,0
Veda Complex,10-Nov-24,Sunday,0,80,0,80,79,0,0,0,0,0
Veda Complex,11-Nov-24,Monday,1184,1000,100,1100,1100,0,550,0,663,0
Veda Complex,12-Nov-24,Tuesday,1381,1000,250,1250,1222,0,750,0,747,0
Veda Complex,13-Nov-24,Wednesday,1561,1200,150,1350,1414,0,750,0,941,0
Veda Complex,14-Nov-24,Thursday,1515,1350,0,1350,1371,0,850,0,943,0
Veda Complex,15-Nov-24,Friday,1292,1200,0,1200,1167,0,800,0,773,0
Veda Complex,16-Nov-24,Saturday,0,120,0,120,141,0,0,0,0,0
Veda Complex,17-Nov-24,Sunday,0,0,0,0,0,0,0,0,0,0
Veda Complex,18-Nov-24,Monday,1643,1550,0,1550,1703,0,950,0,1057,0
Veda Complex,19-Nov-24,Tuesday,1639,1100,200,1300,1512,0,700,0,724,0
Veda Complex,20-Nov-24,Wednesday,0,0,0,0,0,0,0,0,0,0
Veda Complex,21-Nov-24,Thursday,1838,1300,250,1550,1779,0,900,0,1219,0
Veda Complex,22-Nov-24,Friday,1419,1500,0,1500,1352,1,950,0,836,1
Veda Complex,23-Nov-24,Saturday,0,120,0,120,128,0,0,0,0,0
Veda Complex,24-Nov-24,Sunday,0,0,0,0,0,0,0,0,0,0
Veda Complex,25-Nov-24,Monday,1454,1400,0,1400,1351,1,800,0,825,0
Veda Complex,26-Nov-24,Tuesday,1677,1400,0,1400,1480,0,800,0,642,1
Veda Complex,27-Nov-24,Wednesday,1622,1500,0,1500,1523,0,800,0,972,0
Veda Complex,28-Nov-24,Thursday,1705,1300,200,1500,1560,0,800,0,969,0
Veda Complex,29-Nov-24,Friday,1374,1450,0,1450,1414,0,800,0,959,0
Veda Complex,30-Nov-24,Saturday,0,120,0,120,128,0,0,0,0,0
Veda Complex,01-Dec-24,Sunday,0,0,0,0,0,0,0,0,0,0
Veda Complex,02-Dec-24,Monday,1512,1400,0,1400,1368,0,800,0,867,0
Veda Complex,03-Dec-24,Tuesday,1774,1500,0,1500,1614,0,850,0,970,0
Veda Complex,04-Dec-24,Wednesday,1724,1550,0,1550,1585,0,950,0,1107,0
Veda Complex,05-Dec-24,Thursday,1689,1500,0,1500,1462,0,700,0,745,0
Veda Complex,06-Dec-24,Friday,1528,1400,0,1400,1354,1,950,0,1015,0
Veda Complex,07-Dec-24,Saturday,0,140,0,140,133,0,0,0,0,0
Veda Complex,08-Dec-24,Sunday,0,0,0,0,0,0,0,0,0,0
Veda Complex,09-Dec-24,Monday,1540,1300,0,1300,1439,0,870,0,1037,0
Veda Complex,10-Dec-24,Tuesday,1772,1500,50,1550,1558,0,900,0,1168,0
Veda Complex,11-Dec-24,Wednesday,1845,1600,0,1600,1649,0,1000,0,1114,0
Veda Complex,12-Dec-24,Thursday,1641,1450,0,1450,1386,1,1000,0,945,1
Veda Complex,13-Dec-24,Friday,1445,1300,0,1300,1280,0,1000,0,1001,0
Veda Complex,14-Dec-24,Saturday,0,700,0,700,458,1,150,0,152,0
Veda Complex,15-Dec-24,Sunday,0,0,0,0,0,0,0,0,0,0
Veda Complex,16-Dec-24,Monday,1455,1300,0,1300,1354,0,950,0,937,0
Veda Complex,17-Dec-24,Tuesday,1124,1400,0,1400,1425,0,900,0,897,0
Veda Complex,18-Dec-24,Wednesday,1947,1550,50,1600,1698,0,700,0,964,0
Veda Complex,19-Dec-24,Thursday,1605,1400,0,1400,1415,0,1000,0,1027,0
Veda Complex,20-Dec-24,Friday,1406,1300,0,1300,1301,0,800,0,874,0
Veda Complex,21-Dec-24,Saturday,0,150,0,150,164,0,0,0,0,0
Veda Complex,22-Dec-24,Sunday,0,0,0,0,0,0,0,0,0,0
Veda Complex,23-Dec-24,Monday,1371,1300,0,1300,1250,1,1000,0,855,1
Veda Complex,24-Dec-24,Tuesday,1551,1000,200,1200,1377,0,800,0,769,0
Veda Complex,25-Dec-24,Wednesday,0,0,0,0,0,0,0,0,0,0
Veda Complex,26-Dec-24,Thursday,1259,700,300,1000,1148,0,800,0,790,0
Veda Complex,27-Dec-24,Friday,1164,900,100,1000,1072,0,700,0,774,0
Veda Complex,28-Dec-24,Saturday,0,150,0,150,178,0,0,0,0,0
Veda Complex,29-Dec-24,Sunday,0,0,0,0,0,0,0,0,0,0
Veda Complex,30-Dec-24,Monday,271,1400,0,1400,1181,1,1000,0,869,1
Veda Complex,31-Dec-24,Tuesday,1210,1000,0,1000,1092,0,400,0,595,0
Veda Complex,01-Jan-25,Wednesday,884,1000,0,1000,861,1,400,0,404,0
Veda Complex,02-Jan-25,Thursday,1692,1000,400,1400,1547,0,900,0,1103,0
Veda Complex,03-Jan-25,Friday,1627,1400,0,1400,1401,0,900,0,964,0
Veda Complex,04-Jan-25,Saturday,0,400,0,400,364,1,250,0,228,1
Veda Complex,05-Jan-25,Sunday,0,500,0,500,440,1,300,0,285,1
Veda Complex,06-Jan-25,Monday,2252,2100,0,2100,2194,1,1400,0,1283,1
Veda Complex,07-Jan-25,Tuesday,2525,2300,0,2300,2352,1,1500,0,1609,1
Veda Complex,08-Jan-25,Wednesday,3228,2700,0,2700,2858,1,1550,0,1913,1
Veda Complex,09-Jan-25,Thursday,3056,2500,0,2500,2591,1,1150,0,1718,1
Veda Complex,10-Jan-25,Friday,2484,2400,0,2400,2211,1,1120,0,1150,0
Veda Complex,11-Jan-25,Saturday,0,0,0,0,590,1,170,0,98,0
Veda Complex,12-Jan-25,Sunday,0,0,0,0,0,0,0,0,0,0
Veda Complex,13-Jan-25,Monday,1688,1300,0,1300,1443,0,800,0,956,0
Veda Complex,14-Jan-25,Tuesday,1696,1000,300,1300,1468,0,900,0,1104,0
Veda Complex,15-Jan-25,Wednesday,2054,1400,200,1600,1804,0,900,0,944,0
Veda Complex,16-Jan-25,Thursday,2225,1600,150,1750,1891,0,1150,0,1417,0
Veda Complex,17-Jan-25,Friday,1652,1300,0,1300,1385,0,600,0,528,1
Veda Complex,18-Jan-25,Saturday,0,140,0,140,146,0,0,0,0,0
Veda Complex,19-Jan-25,Sunday,0,0,0,0,0,0,0,0,0,0
Veda Complex,20-Jan-25,Monday,1634,1350,0,1350,1509,0,1000,0,1078,0
Veda Complex,21-Jan-25,Tuesday,1875,1500,150,1650,1692,0,900,0,1077,0
Veda Complex,22-Jan-25,Wednesday,1865,1700,0,1700,1673,0,1000,0,1162,0
Veda Complex,23-Jan-25,Thursday,1867,1400,150,1550,1691,0,900,0,1099,0
Veda Complex,24-Jan-25,Friday,1596,1400,0,1400,1360,0,1000,0,974,0
Veda Complex,25-Jan-25,Saturday,0,130,0,130,141,0,0,0,0,0
Veda Complex,26-Jan-25,Sunday,0,0,0,0,0,0,0,0,0,0
Veda Complex,27-Jan-25,Monday,1588,1400,0,1400,1507,0,900,0,959,0
Veda Complex,28-Jan-25,Tuesday,1826,1500,150,1650,1720,0,1000,0,1070,0
Veda Complex,29-Jan-25,Wednesday,1961,1700,50,1750,1806,0,1200,0,1193,0
Veda Complex,30-Jan-25,Thursday,1841,1500,0,1500,1606,0,1250,0,1248,0
Veda Complex,31-Jan-25,Friday,1541,1400,0,1400,1316,1,900,0,837,0
Veda Complex,01-Feb-25,Saturday,0,150,0,150,138,0,0,0,0,0
Veda Complex,02-Feb-25,Sunday,0,0,0,0,0,0,0,0,0,0
Veda Complex,03-Feb-25,Monday,1482,1400,0,1400,1346,1,950,0,932,0
Veda Complex,04-Feb-25,Tuesday,1693,1400,150,1550,1512,0,900,0,995,0
Veda Complex,05-Feb-25,Wednesday,1946,1700,0,1700,1741,0,850,0,880,0
Veda Complex,06-Feb-25,Thursday,1841,1350,150,1500,1571,0,1020,0,1153,0
Veda Complex,07-Feb-25,Friday,1588,1300,0,1300,1339,0,950,0,944,0
Veda Complex,08-Feb-25,Saturday,0,140,0,140,127,0,0,0,0,0
Veda Complex,09-Feb-25,Sunday,0,0,0,0,0,0,0,0,0,0
Veda Complex,10-Feb-25,Monday,1501,1300,0,1300,1364,0,950,0,884,1
Veda Complex,11-Feb-25,Tuesday,1836,1450,100,1550,1650,0,950,0,940,0
Veda Complex,12-Feb-25,Wednesday,1934,1700,0,1700,1712,0,1020,0,1177,0
Veda Complex,13-Feb-25,Thursday,1809,1550,0,1550,1554,0,1000,0,1043,0
Veda Complex,14-Feb-25,Friday,1415,1400,0,1400,1279,1,850,0,830,0
Veda Complex,15-Feb-25,Saturday,0,200,0,200,176,0,0,0,0,0
Veda Complex,16-Feb-25,Sunday,0,0,0,0,0,0,0,0,0,0
Veda Complex,17-Feb-25,Monday,1479,1400,0,1400,1389,0,900,0,971,0
Veda Complex,18-Feb-25,Tuesday,1880,1550,100,1650,1619,0,950,0,1039,0
Veda Complex,19-Feb-25,Wednesday,1168,1400,0,1400,1040,1,400,0,439,0
Veda Complex,20-Feb-25,Thursday,1847,1350,200,1550,1690,0,900,0,1001,0
Veda Complex,21-Feb-25,Friday,1647,1550,0,1550,1391,1,950,0,957,0
Veda Complex,22-Feb-25,Saturday,0,160,0,160,153,0,0,0,0,0
Veda Complex,23-Feb-25,Sunday,0,0,0,0,0,0,0,0,0,0
Veda Complex,24-Feb-25,Monday,1583,1300,100,1400,1402,0,900,0,792,1
Veda Complex,25-Feb-25,Tuesday,1822,1450,50,1500,1592,0,950,0,1087,0
Veda Complex,26-Feb-25,Wednesday,1681,1500,0,1500,1459,0,900,0,897,0
Veda Complex,27-Feb-25,Thursday,1882,1300,300,1600,1641,0,1000,0,1108,0
Veda Complex,28-Feb-25,Friday,1608,1350,50,1400,1437,0,900,0,1004,0
Ramanujan,01-Apr-24,Monday,312,350,50,400,346,0,200,10,210,0
Ramanujan,02-Apr-24,Tuesday,357,350,0,350,365,0,250,0,243,0
Ramanujan,03-Apr-24,Wednesday,246,380,0,380,234,1,300,0,185,1
Ramanujan,04-Apr-24,Thursday,252,300,0,300,285,0,200,0,198,0
Ramanujan,05-Apr-24,Friday,249,250,0,250,290,0,150,0,176,0
Ramanujan,06-Apr-24,Saturday,0,60,0,60,58,0,0,0,0,0
Ramanujan,07-Apr-24,Sunday,0,0,0,0,0,0,0,0,0,0
Ramanujan,08-Apr-24,Monday,222,280,0,280,272,0,200,0,180,0
Ramanujan,09-Apr-24,Tuesday,135,220,0,220,167,0,100,0,87,0
Ramanujan,10-Apr-24,Wednesday,309,260,0,260,327,0,230,0,250,0
Ramanujan,11-Apr-24,Thursday,0,0,0,0,0,1,0,0,0,1
Ramanujan,12-Apr-24,Friday,240,270,0,270,259,1,120,50,170,0
Ramanujan,13-Apr-24,Saturday,0,60,0,60,65,1,0,0,0,0
Ramanujan,14-Apr-24,Sunday,0,0,0,0,0,1,0,0,0,0
Ramanujan,15-Apr-24,Monday,311,250,50,300,340,1,150,100,262,0
Ramanujan,16-Apr-24,Tuesday,405,360,50,410,440,1,260,60,310,0
Ramanujan,17-Apr-24,Wednesday,325,400,0,400,370,1,300,0,206,1
Ramanujan,18-Apr-24,Thursday,348,400,0,400,365,1,300,0,242,0
Ramanujan,19-Apr-24,Friday,318,350,0,350,336,0,250,0,240,0
Ramanujan,20-Apr-24,Saturday,0,50,0,50,55,0,0,0,0,0
Ramanujan,21-Apr-24,Sunday,0,0,0,0,0,0,0,0,0,0
Ramanujan,22-Apr-24,Monday,212,260,0,260,253,0,160,0,150,0
Ramanujan,23-Apr-24,Tuesday,265,260,0,260,300,0,160,0,160,0
Ramanujan,24-Apr-24,Wednesday,337,350,0,350,370,0,230,0,285,0
Ramanujan,25-Apr-24,Thursday,430,300,80,380,400,0,200,50,243,0
Ramanujan,26-Apr-24,Friday,234,250,0,250,246,0,150,0,184,0
Ramanujan,27-Apr-24,Saturday,0,50,0,50,53,0,0,0,0,0
Ramanujan,28-Apr-24,Sunday,0,0,0,0,0,0,0,0,0,0
Ramanujan,29-Apr-24,Monday,251,300,0,300,291,0,150,0,210,0
Ramanujan,30-Apr-24,Tuesday,247,275,0,275,264,0,160,0,146,0
Ramanujan,01-May-24,Wednesday,0,0,0,0,0,1,0,0,0,1
Ramanujan,02-May-24,Thursday,239,240,0,240,257,0,150,0,150,0
Ramanujan,03-May-24,Friday,272,240,40,280,270,0,150,40,194,0
Ramanujan,04-May-24,Saturday,0,50,0,50,50,0,0,0,0,0
Ramanujan,05-May-24,Sunday,0,0,0,0,0,0,0,0,0,0
Ramanujan,06-May-24,Monday,206,200,0,200,236,0,120,0,168,0
Ramanujan,07-May-24,Tuesday,44,0,0,0,0,1,0,0,0,1
Ramanujan,08-May-24,Wednesday,281,250,0,250,298,0,150,0,213,0
Ramanujan,09-May-24,Thursday,298,300,0,300,313,0,200,0,207,0
Ramanujan,10-May-24,Friday,252,300,0,300,286,0,200,0,215,0
Ramanujan,11-May-24,Saturday,0,50,0,50,52,0,0,0,0,0
Ramanujan,12-May-24,Sunday,0,0,0,0,0,0,0,0,0,0
Ramanujan,13-May-24,Monday,132,180,0,180,157,0,100,0,96,0
Ramanujan,14-May-24,Tuesday,254,250,0,250,291,0,150,50,197,0
Ramanujan,15-May-24,Wednesday,280,350,0,350,323,0,250,0,204,0
Ramanujan,16-May-24,Thursday,289,280,0,280,341,0,180,50,211,0
Ramanujan,17-May-24,Friday,294,350,0,350,327,0,250,0,250,0
Ramanujan,18-May-24,Saturday,0,50,0,50,50,0,0,0,0,0
Ramanujan,19-May-24,Sunday,0,0,0,0,0,0,0,0,0,0
Ramanujan,20-May-24,Monday,198,250,0,250,258,0,150,0,160,0
Ramanujan,21-May-24,Tuesday,266,280,0,280,320,0,180,0,218,0
Ramanujan,22-May-24,Wednesday,282,350,0,350,332,0,250,0,200,0
Ramanujan,23-May-24,Thursday,306,320,0,320,328,0,200,0,267,0
Ramanujan,24-May-24,Friday,269,300,0,300,294,0,200,0,200,0
Ramanujan,25-May-24,Saturday,0,50,0,50,50,0,0,0,0,0
Ramanujan,26-May-24,Sunday,0,0,0,0,0,0,0,0,0,0
Ramanujan,27-May-24,Monday,233,300,0,300,273,0,200,0,193,0
Ramanujan,28-May-24,Tuesday,297,260,0,260,290,0,160,0,224,0
Ramanujan,29-May-24,Wednesday,362,375,25,400,332,1,275,0,253,1
Ramanujan,30-May-24,Thursday,268,300,0,300,300,0,200,0,194,0
Ramanujan,31-May-24,Friday,279,280,0,280,243,0,180,0,178,0
Ramanujan,01-Jun-24,Saturday,0,50,0,50,50,0,0,0,0,0
Ramanujan,02-Jun-24,Sunday,0,0,0,0,0,0,0,0,0,0
Ramanujan,03-Jun-24,Monday,263,320,0,320,342,0,220,0,218,0
Ramanujan,04-Jun-24,Tuesday,214,400,0,400,316,1,300,0,232,1
Ramanujan,05-Jun-24,Wednesday,328,400,0,400,431,0,300,0,297,0
Ramanujan,06-Jun-24,Thursday,302,400,0,400,381,0,300,0,274,0
Ramanujan,07-Jun-24,Friday,301,350,0,350,388,0,200,0,182,0
Ramanujan,08-Jun-24,Saturday,0,50,0,50,50,0,0,0,0,0
Ramanujan,09-Jun-24,Sunday,0,0,0,0,0,0,0,0,0,0
Ramanujan,10-Jun-24,Monday,384,360,80,440,460,0,250,100,332,0
Ramanujan,11-Jun-24,Tuesday,0,500,0,500,500,0,350,0,327,0
Ramanujan,12-Jun-24,Wednesday,0,700,0,700,533,1,600,0,380,1
Ramanujan,13-Jun-24,Thursday,278,360,0,360,348,0,250,0,193,0
Ramanujan,14-Jun-24,Friday,242,300,0,300,291,0,200,0,200,0
Ramanujan,15-Jun-24,Saturday,0,50,0,50,50,0,0,0,0,0
Ramanujan,16-Jun-24,Sunday,0,0,0,0,0,0,0,0,0,0
Ramanujan,17-Jun-24,Monday,201,280,0,280,263,0,180,0,178,0
Ramanujan,18-Jun-24,Tuesday,246,280,0,280,278,0,180,0,196,0
Ramanujan,19-Jun-24,Wednesday,349,330,50,380,370,0,250,0,214,0
Ramanujan,20-Jun-24,Thursday,278,350,0,350,317,0,250,0,213,0
Ramanujan,21-Jun-24,Friday,223,350,0,350,295,1,250,0,189,1
Ramanujan,22-Jun-24,Saturday,0,50,0,50,50,0,0,0,0,0
Ramanujan,23-Jun-24,Sunday,0,0,0,0,0,0,0,0,0,0
Ramanujan,24-Jun-24,Monday,179,250,0,250,236,0,150,0,147,0
Ramanujan,25-Jun-24,Tuesday,280,250,0,250,285,0,150,0,232,0
Ramanujan,26-Jun-24,Wednesday,299,330,35,365,348,0,200,0,203,0
Ramanujan,27-Jun-24,Thursday,279,350,0,350,315,0,250,0,228,0
Ramanujan,28-Jun-24,Friday,173,280,0,280,258,0,180,0,163,0
Ramanujan,29-Jun-24,Saturday,0,50,0,50,40,0,0,0,0,0
Ramanujan,30-Jun-24,Sunday,0,0,0,0,0,0,0,0,0,0
Ramanujan,01-Jul-24,Monday,148,180,0,180,207,0,160,0,164,0
Ramanujan,02-Jul-24,Tuesday,272,250,50,300,306,0,180,50,223,0
Ramanujan,03-Jul-24,Wednesday,235,380,0,380,354,0,250,0,204,0
Ramanujan,04-Jul-24,Thursday,343,320,50,370,334,0,220,0,231,0
Ramanujan,05-Jul-24,Friday,208,300,0,300,254,0,180,0,177,0
Ramanujan,06-Jul-24,Saturday,0,50,0,50,53,0,0,0,0,0
Ramanujan,07-Jul-24,Sunday,0,0,0,0,0,0,0,0,0,0
Ramanujan,08-Jul-24,Monday,176,300,0,300,267,0,200,0,185,0
Ramanujan,09-Jul-24,Tuesday,233,350,0,350,313,0,200,20,171,0
Ramanujan,10-Jul-24,Wednesday,247,350,0,350,334,0,180,0,163,0
Ramanujan,11-Jul-24,Thursday,234,300,0,300,296,0,180,0,125,1
Ramanujan,12-Jul-24,Friday,207,300,0,300,284,0,180,0,208,0
Ramanujan,13-Jul-24,Saturday,0,50,0,50,43,0,0,0,0,0
Ramanujan,14-Jul-24,Sunday,0,0,0,0,0,0,0,0,0,0
Ramanujan,15-Jul-24,Monday,172,220,0,220,204,0,120,0,129,0
Ramanujan,16-Jul-24,Tuesday,207,250,0,250,245,0,150,0,158,0
Ramanujan,17-Jul-24,Wednesday,230,330,0,330,210,1,200,0,168,1
Ramanujan,18-Jul-24,Thursday,212,220,0,220,216,0,120,30,131,0
Ramanujan,19-Jul-24,Friday,206,260,0,260,235,0,160,0,113,1
Ramanujan,20-Jul-24,Saturday,0,50,0,50,49,0,0,0,0,0
Ramanujan,21-Jul-24,Sunday,0,0,0,0,0,0,0,0,0,0
Ramanujan,22-Jul-24,Monday,155,200,0,200,175,0,120,0,106,0
Ramanujan,23-Jul-24,Tuesday,224,200,0,200,248,0,200,0,158,0
Ramanujan,24-Jul-24,Wednesday,213,300,0,300,225,1,200,0,162,1
Ramanujan,25-Jul-24,Thursday,86,180,0,180,122,1,100,0,49,1
Ramanujan,26-Jul-24,Friday,119,150,0,150,147,0,80,0,102,0
Ramanujan,27-Jul-24,Saturday,0,50,0,50,45,0,0,0,0,0
Ramanujan,28-Jul-24,Sunday,0,0,0,0,0,0,0,0,0,0
Ramanujan,29-Jul-24,Monday,187,220,0,220,189,0,120,0,135,0
Ramanujan,30-Jul-24,Tuesday,221,230,30,260,264,0,120,40,174,0
Ramanujan,31-Jul-24,Wednesday,200,320,0,320,222,1,170,0,163,1
Ramanujan,01-Aug-24,Thursday,187,225,0,225,219,0,125,0,125,0
Ramanujan,02-Aug-24,Friday,193,225,60,285,262,0,125,40,149,0
Ramanujan,03-Aug-24,Saturday,0,65,0,65,63,0,0,0,0,0
Ramanujan,04-Aug-24,Sunday,0,0,0,0,0,0,0,0,0,0
Ramanujan,05-Aug-24,Monday,149,150,0,150,187,0,80,0,114,0
Ramanujan,06-Aug-24,Tuesday,247,250,20,270,266,0,150,0,179,0
Ramanujan,07-Aug-24,Wednesday,225,300,0,300,265,0,180,0,152,0
Ramanujan,08-Aug-24,Thursday,260,300,0,300,281,0,200,0,200,0
Ramanujan,09-Aug-24,Friday,203,280,0,280,240,0,150,0,155,0
Ramanujan,10-Aug-24,Saturday,0,50,0,50,51,0,0,0,0,0
Ramanujan,11-Aug-24,Sunday,0,0,0,0,0,0,0,0,0,0
Ramanujan,12-Aug-24,Monday,192,190,40,230,234,0,100,40,140,0
Ramanujan,13-Aug-24,Tuesday,227,280,0,280,249,0,200,0,165,0
Ramanujan,14-Aug-24,Wednesday,182,250,0,250,216,0,130,0,117,0
Ramanujan,15-Aug-24,Thursday,0,0,0,0,0,1,0,0,0,1
Ramanujan,16-Aug-24,Friday,91,60,0,60,125,0,80,0,71,0
Ramanujan,17-Aug-24,Saturday,0,50,0,50,44,0,0,0,0,0
Ramanujan,18-Aug-24,Sunday,0,0,0,0,0,0,0,0,0,0
Ramanujan,19-Aug-24,Monday,76,140,0,140,123,0,80,0,49,0
Ramanujan,20-Aug-24,Tuesday,175,150,80,230,218,0,80,20,123,0
Ramanujan,21-Aug-24,Wednesday,191,180,0,180,215,0,100,0,118,0
Ramanujan,22-Aug-24,Thursday,188,230,0,230,225,0,120,20,142,0
Ramanujan,23-Aug-24,Friday,222,260,0,260,266,0,120,0,182,0
Ramanujan,24-Aug-24,Saturday,0,50,0,50,46,0,0,0,0,0
Ramanujan,25-Aug-24,Sunday,0,0,0,0,0,0,0,0,0,0
Ramanujan,26-Aug-24,Monday,142,150,0,150,169,0,100,0,116,0
Ramanujan,27-Aug-24,Tuesday,162,425,0,425,358,0,100,0,71,0
Ramanujan,28-Aug-24,Wednesday,185,200,0,200,208,0,100,0,123,0
Ramanujan,29-Aug-24,Thursday,202,230,0,230,217,0,120,0,151,0
Ramanujan,30-Aug-24,Friday,170,200,0,200,187,0,100,0,120,0
Ramanujan,31-Aug-24,Saturday,0,50,0,50,50,0,0,0,0,0
Ramanujan,01-Sep-24,Sunday,0,0,0,0,0,0,0,0,0,0
Ramanujan,02-Sep-24,Monday,175,160,0,160,197,0,100,0,129,0
Ramanujan,03-Sep-24,Tuesday,198,220,0,220,238,0,150,0,132,0
Ramanujan,04-Sep-24,Wednesday,201,260,0,260,238,0,120,0,110,0
Ramanujan,05-Sep-24,Thursday,203,350,0,350,245,1,250,0,138,1
Ramanujan,06-Sep-24,Friday,152,200,0,200,193,0,80,0,90,0
Ramanujan,07-Sep-24,Saturday,0,45,0,45,44,0,0,0,0,0
Ramanujan,08-Sep-24,Sunday,0,0,0,0,0,0,0,0,0,0
Ramanujan,09-Sep-24,Monday,123,150,0,150,170,0,80,0,80,0
Ramanujan,10-Sep-24,Tuesday,163,180,0,180,214,0,80,0,113,0
Ramanujan,11-Sep-24,Wednesday,149,230,0,230,200,0,80,0,102,0
Ramanujan,12-Sep-24,Thursday,185,180,40,220,207,0,120,0,135,0
Ramanujan,13-Sep-24,Friday,195,180,0,180,228,0,100,0,120,0
Ramanujan,14-Sep-24,Saturday,0,55,0,55,55,0,0,0,0,0
Ramanujan,15-Sep-24,Sunday,0,0,0,0,0,0,0,0,0,0
Ramanujan,16-Sep-24,Monday,108,120,0,120,136,0,60,0,70,0
Ramanujan,17-Sep-24,Tuesday,0,0,0,0,0,0,0,0,0,0
Ramanujan,18-Sep-24,Wednesday,231,250,0,250,250,0,150,0,198,0
Ramanujan,19-Sep-24,Thursday,315,400,0,400,473,0,180,40,155,0
Ramanujan,20-Sep-24,Friday,349,300,50,350,323,0,150,0,195,0
Ramanujan,21-Sep-24,Saturday,0,45,0,45,46,0,0,0,0,0
Ramanujan,22-Sep-24,Sunday,0,0,0,0,0,0,0,0,0,0
Ramanujan,23-Sep-24,Monday,163,375,0,375,326,0,250,0,240,0
Ramanujan,24-Sep-24,Tuesday,333,375,0,375,368,0,250,0,240,0
Ramanujan,25-Sep-24,Wednesday,271,330,0,330,334,0,250,0,197,1
Ramanujan,26-Sep-24,Thursday,175,250,0,250,197,1,180,0,126,1
Ramanujan,27-Sep-24,Friday,230,200,30,230,293,0,100,0,145,0
Ramanujan,28-Sep-24,Saturday,0,45,0,45,41,0,0,0,0,0
Ramanujan,29-Sep-24,Sunday,0,0,0,0,0,0,0,0,0,0
Ramanujan,30-Sep-24,Monday,226,220,0,220,255,0,120,80,161,0
Ramanujan,01-Oct-24,Tuesday,260,280,0,280,273,1,160,0,103,1
Ramanujan,02-Oct-24,Wednesday,0,0,0,0,0,0,0,0,0,0
Ramanujan,03-Oct-24,Thursday,175,248,50,298,231,0,180,50,152,0
Ramanujan,04-Oct-24,Friday,150,250,0,250,211,0,150,0,127,0
Ramanujan,05-Oct-24,Saturday,0,45,0,45,49,0,0,0,0,0
Ramanujan,06-Oct-24,Sunday,0,0,0,0,0,0,0,0,0,0
Ramanujan,07-Oct-24,Monday,202,200,0,200,208,0,120,0,111,0
Ramanujan,08-Oct-24,Tuesday,413,450,0,450,395,1,350,0,295,1
Ramanujan,09-Oct-24,Wednesday,308,420,0,420,283,1,280,0,149,1
Ramanujan,10-Oct-24,Thursday,350,350,0,350,327,0,150,0,175,0
Ramanujan,11-Oct-24,Friday,259,280,100,380,348,0,200,0,168,0
Ramanujan,12-Oct-24,Saturday,0,40,0,40,34,0,0,0,0,0
Ramanujan,13-Oct-24,Sunday,0,0,0,0,0,0,0,0,0,0
Ramanujan,14-Oct-24,Monday,271,300,50,350,268,0,200,0,197,0
Ramanujan,15-Oct-24,Tuesday,330,285,0,285,342,0,200,0,208,0
Ramanujan,16-Oct-24,Wednesday,308,330,0,330,325,0,200,0,155,0
Ramanujan,17-Oct-24,Thursday,274,350,0,350,320,0,200,0,155,0
Ramanujan,18-Oct-24,Friday,275,270,40,310,319,0,180,0,203,0
Ramanujan,19-Oct-24,Saturday,0,45,0,45,45,0,0,0,0,0
Ramanujan,20-Oct-24,Sunday,0,0,0,0,0,0,0,0,0,0
Ramanujan,21-Oct-24,Monday,252,300,0,300,276,0,180,0,180,0
Ramanujan,22-Oct-24,Tuesday,235,280,0,280,265,0,180,0,169,0
Ramanujan,23-Oct-24,Wednesday,267,280,0,280,274,0,150,0,218,0
Ramanujan,24-Oct-24,Thursday,236,250,0,250,242,0,120,0,119,0
Ramanujan,25-Oct-24,Friday,186,250,0,250,248,0,180,0,156,0
Ramanujan,26-Oct-24,Saturday,0,45,0,45,50,0,0,0,0,0
Ramanujan,27-Oct-24,Sunday,0,0,0,0,0,0,0,0,0,0
Ramanujan,28-Oct-24,Monday,169,180,0,180,182,0,100,0,127,0
Ramanujan,29-Oct-24,Tuesday,158,160,0,160,182,0,120,0,108,0
Ramanujan,30-Oct-24,Wednesday,126,180,0,180,153,0,120,0,73,0
Ramanujan,31-Oct-24,Thursday,73,140,0,140,115,0,50,0,47,0
Ramanujan,01-Nov-24,Friday,0,0,0,0,0,1,0,0,0,1
Ramanujan,02-Nov-24,Saturday,0,60,0,60,52,0,0,0,0,0
Ramanujan,03-Nov-24,Sunday,0,0,0,0,0,0,0,0,0,0
Ramanujan,04-Nov-24,Monday,144,150,0,150,165,0,80,0,88,0
Ramanujan,05-Nov-24,Tuesday,201,180,0,180,222,0,100,0,126,0
Ramanujan,06-Nov-24,Wednesday,180,230,0,230,208,0,150,0,113,0
Ramanujan,07-Nov-24,Thursday,184,220,0,220,208,0,120,0,125,0
Ramanujan,08-Nov-24,Friday,200,220,0,220,229,0,120,0,130,0
Ramanujan,09-Nov-24,Saturday,0,40,0,40,41,0,0,0,0,0
Ramanujan,10-Nov-24,Sunday,0,0,0,0,0,0,0,0,0,0
Ramanujan,11-Nov-24,Monday,262,200,80,280,283,0,100,120,188,0
Ramanujan,12-Nov-24,Tuesday,263,280,0,280,258,0,130,40,162,0
Ramanujan,13-Nov-24,Wednesday,267,280,0,280,275,0,130,30,159,0
Ramanujan,14-Nov-24,Thursday,239,260,0,260,255,0,150,40,186,0
Ramanujan,15-Nov-24,Friday,220,230,0,230,238,0,120,30,147,0
Ramanujan,16-Nov-24,Saturday,0,40,0,40,46,0,0,0,0,0
Ramanujan,17-Nov-24,Sunday,0,0,0,0,0,0,0,0,0,0
Ramanujan,18-Nov-24,Monday,234,215,50,265,254,0,130,50,176,0
Ramanujan,19-Nov-24,Tuesday,518,450,80,530,526,0,380,100,464,0
Ramanujan,20-Nov-24,Wednesday,0,0,0,0,0,1,0,0,0,1
Ramanujan,21-Nov-24,Thursday,296,250,40,290,302,0,180,40,209,0
Ramanujan,22-Nov-24,Friday,516,470,50,520,526,0,300,15,314,0
Ramanujan,23-Nov-24,Saturday,0,45,0,45,49,0,0,0,0,0
Ramanujan,24-Nov-24,Sunday,0,0,0,0,0,0,0,0,0,0
Ramanujan,25-Nov-24,Monday,512,390,110,500,499,0,310,70,339,0
Ramanujan,26-Nov-24,Tuesday,657,560,0,560,572,0,460,0,451,0
Ramanujan,27-Nov-24,Wednesday,565,580,0,580,588,0,450,0,423,0
Ramanujan,28-Nov-24,Thursday,511,580,0,580,527,0,450,0,397,0
Ramanujan,29-Nov-24,Friday,518,500,0,500,560,0,420,40,447,0
Ramanujan,30-Nov-24,Saturday,0,40,0,40,44,0,0,0,0,0
Ramanujan,01-Dec-24,Sunday,0,0,0,0,0,0,0,0,0,0
Ramanujan,02-Dec-24,Monday,496,460,0,460,494,0,360,0,336,0
Ramanujan,03-Dec-24,Tuesday,495,500,0,500,491,0,400,0,385,0
Ramanujan,04-Dec-24,Wednesday,584,550,0,550,604,0,450,0,436,0
Ramanujan,05-Dec-24,Thursday,523,560,0,560,514,0,400,0,318,0
Ramanujan,06-Dec-24,Friday,593,520,0,520,588,0,380,50,394,0
Ramanujan,07-Dec-24,Saturday,0,50,0,50,51,0,0,0,0,0
Ramanujan,08-Dec-24,Sunday,0,0,0,0,0,0,0,0,0,0
Ramanujan,09-Dec-24,Monday,449,450,0,450,459,0,320,0,331,0
Ramanujan,10-Dec-24,Tuesday,597,550,0,550,599,0,360,0,407,0
Ramanujan,11-Dec-24,Wednesday,514,500,50,550,545,0,380,0,421,0
Ramanujan,12-Dec-24,Thursday,501,500,0,500,522,0,400,0,399,0
Ramanujan,13-Dec-24,Friday,487,530,0,530,538,0,280,0,434,0
Ramanujan,14-Dec-24,Saturday,0,350,40,390,395,0,280,0,190,0
Ramanujan,15-Dec-24,Sunday,0,0,0,0,0,0,0,0,0,0
Ramanujan,16-Dec-24,Monday,425,450,0,450,457,0,350,0,359,0
Ramanujan,17-Dec-24,Tuesday,494,700,0,700,585,1,600,0,435,1
Ramanujan,18-Dec-24,Wednesday,524,520,0,520,546,0,400,0,357,0
Ramanujan,19-Dec-24,Thursday,509,500,0,500,506,0,400,0,429,0
Ramanujan,20-Dec-24,Friday,440,425,0,425,451,0,325,0,344,0
Ramanujan,21-Dec-24,Saturday,0,50,0,50,44,0,0,0,0,0
Ramanujan,22-Dec-24,Sunday,0,0,0,0,0,0,0,0,0,0
Ramanujan,23-Dec-24,Monday,447,450,0,450,464,0,350,0,378,0
Ramanujan,24-Dec-24,Tuesday,481,500,0,500,459,0,350,0,302,1
Ramanujan,25-Dec-24,Wednesday,0,0,0,0,0,1,0,0,0,1
Ramanujan,26-Dec-24,Thursday,398,475,0,475,401,1,350,0,318,1
Ramanujan,27-Dec-24,Friday,419,400,0,400,426,0,280,0,326,0
Ramanujan,28-Dec-24,Saturday,0,45,0,45,42,0,0,0,0,0
Ramanujan,29-Dec-24,Sunday,0,0,0,0,0,0,0,0,0,0
Ramanujan,30-Dec-24,Monday,401,450,0,450,415,0,350,0,315,0
Ramanujan,31-Dec-24,Tuesday,375,380,0,380,402,0,250,0,209,0
Ramanujan,01-Jan-25,Wednesday,308,380,0,380,352,0,260,0,216,0
Ramanujan,02-Jan-25,Thursday,410,380,0,380,427,0,240,50,311,0
Ramanujan,03-Jan-25,Friday,434,410,0,410,441,0,300,0,309,0
Ramanujan,04-Jan-25,Saturday,0,50,0,50,41,0,0,0,0,0
Ramanujan,05-Jan-25,Sunday,0,0,0,0,0,0,0,0,0,0
Ramanujan,06-Jan-25,Monday,458,420,40,460,476,0,300,40,379,0
Ramanujan,07-Jan-25,Tuesday,460,500,0,500,454,1,350,0,353,1
Ramanujan,08-Jan-25,Wednesday,456,480,0,480,421,1,360,0,306,1
Ramanujan,09-Jan-25,Thursday,472,500,0,500,464,1,380,0,325,1
Ramanujan,10-Jan-25,Friday,552,500,0,500,474,0,400,0,359,0
Ramanujan,11-Jan-25,Saturday,0,40,0,40,46,0,0,0,0,0
Ramanujan,12-Jan-25,Sunday,0,0,0,0,0,0,0,0,0,0
Ramanujan,13-Jan-25,Monday,365,400,0,400,369,0,250,0,245,0
Ramanujan,14-Jan-25,Tuesday,356,400,0,400,378,0,250,0,259,0
Ramanujan,15-Jan-25,Wednesday,469,360,0,360,476,0,180,0,274,0
Ramanujan,16-Jan-25,Thursday,268,300,0,300,287,0,180,0,194,0
Ramanujan,17-Jan-25,Friday,367,350,0,350,374,0,200,0,117,1
Ramanujan,18-Jan-25,Saturday,0,50,0,50,58,0,0,0,0,0
Ramanujan,19-Jan-25,Sunday,0,0,0,0,0,0,0,0,0,0
Ramanujan,20-Jan-25,Monday,346,250,0,250,303,0,150,0,228,0
Ramanujan,21-Jan-25,Tuesday,453,350,0,350,474,0,220,130,326,0
Ramanujan,22-Jan-25,Wednesday,392,450,0,450,426,0,300,0,309,0
Ramanujan,23-Jan-25,Thursday,426,420,0,420,456,0,250,0,256,0
Ramanujan,24-Jan-25,Friday,435,400,0,400,424,0,275,0,319,0
Ramanujan,25-Jan-25,Saturday,0,50,0,50,52,0,0,0,0,0
Ramanujan,26-Jan-25,Sunday,0,0,0,0,0,0,0,0,0,0
Ramanujan,27-Jan-25,Monday,242,420,0,420,362,1,300,0,253,1
Ramanujan,28-Jan-25,Tuesday,322,380,0,380,334,1,230,0,199,1
Ramanujan,29-Jan-25,Wednesday,299,320,0,320,319,0,220,0,211,0
Ramanujan,30-Jan-25,Thursday,270,300,0,300,287,0,220,0,228,0
Ramanujan,31-Jan-25,Friday,279,280,0,280,267,0,180,0,204,0
Ramanujan,01-Feb-25,Saturday,0,45,0,45,43,0,0,0,0,0
Ramanujan,02-Feb-25,Sunday,0,0,0,0,0,0,0,0,0,0
Ramanujan,03-Feb-25,Monday,252,280,0,280,287,0,200,0,221,0
Ramanujan,04-Feb-25,Tuesday,283,350,0,350,312,0,220,0,196,0
Ramanujan,05-Feb-25,Wednesday,312,300,0,300,330,0,150,0,162,0
Ramanujan,06-Feb-25,Thursday,355,340,0,340,359,0,240,0,284,0
Ramanujan,07-Feb-25,Friday,280,280,0,280,285,0,180,0,173,0
Ramanujan,08-Feb-25,Saturday,0,50,0,50,43,0,0,0,0,0
Ramanujan,09-Feb-25,Sunday,0,0,0,0,0,0,0,0,0,0
Ramanujan,10-Feb-25,Monday,249,269,0,269,252,0,170,0,199,0
Ramanujan,11-Feb-25,Tuesday,357,319,0,319,365,0,250,0,227,0
Ramanujan,12-Feb-25,Wednesday,259,299,0,299,257,0,150,0,191,0
Ramanujan,13-Feb-25,Thursday,266,229,0,229,281,0,180,0,219,0
Ramanujan,14-Feb-25,Friday,219,249,0,249,245,0,200,0,216,0
Ramanujan,15-Feb-25,Saturday,0,45,0,45,47,0,0,0,0,0
Ramanujan,16-Feb-25,Sunday,0,0,0,0,0,0,0,0,0,0
Ramanujan,17-Feb-25,Monday,251,280,0,280,312,0,180,0,202,0
Ramanujan,18-Feb-25,Tuesday,321,320,0,320,325,0,180,0,196,0
Ramanujan,19-Feb-25,Wednesday,201,300,0,300,258,1,100,0,112,1
Ramanujan,20-Feb-25,Thursday,309,280,70,350,376,0,160,80,244,0
Ramanujan,21-Feb-25,Friday,245,280,0,280,262,0,150,0,174,0
Ramanujan,22-Feb-25,Saturday,0,43,0,43,43,0,0,0,0,0
Ramanujan,23-Feb-25,Sunday,0,0,0,0,0,0,0,0,0,0
Ramanujan,24-Feb-25,Monday,192,280,0,280,264,0,180,0,145,0
Ramanujan,25-Feb-25,Tuesday,299,320,0,320,306,0,220,0,216,0
Ramanujan,26-Feb-25,Wednesday,186,300,0,300,204,1,180,0,113,1
Ramanujan,27-Feb-25,Thursday,266,250,0,250,267,0,150,0,192,0
Ramanujan,28-Feb-25,Friday,283,260,0,260,306,0,160,0,207,0
